virus	strain	date	country	source	county	state
WNV	WNV_17_Yuma_AZ_08272018_2018.6534	2018-08-27	WNV_17_Yuma_AZ_08272018_2018.6534	Public	YUMA	AZ
WNV	WNV_20_Yuma_AZ_08132018_2018.6151	2018-08-13	WNV_20_Yuma_AZ_08132018_2018.6151	Public	YUMA	AZ
WNV	WNV_49808_9108_Ce_NV_07162018_2018.5384	2018-07-16	WNV_49808_9108_Ce_NV_07162018_2018.5384	Public	CLARK	NV
WNV	WNV_52751_9764_Cq_NV_08162018_2018.6233	2018-08-16	WNV_52751_9764_Cq_NV_08162018_2018.6233	Public	CLARK	NV
WNV	WNV_77366_11357_Cs_NV_05302019_2019.4096	2019-05-30	WNV_77366_11357_Cs_NV_05302019_2019.4096	Public	CLARK	NV
WNV	WNV_78319_11627_Cq_NV_06052019_2019.426	2019-06-05	WNV_78319_11627_Cq_NV_06052019_2019.426	Public	CLARK	NV
WNV	WNV_78325_11622_Cq_NV_06052019_2019.426	2019-06-05	WNV_78325_11622_Cq_NV_06052019_2019.426	Public	CLARK	NV
WNV	WNV_80719_12016_Cq_NV_060242019_2019.4781	2019-06-24	WNV_80719_12016_Cq_NV_060242019_2019.4781	Public	CLARK	NV
WNV	WNV_81857_12174_Cq_NV_07012019_2019.4973	2019-07-01	WNV_81857_12174_Cq_NV_07012019_2019.4973	Public	CLARK	NV
WNV	WNV_82669_12413_Cq_NV_070102019_2019.4973	2019-07-01	WNV_82669_12413_Cq_NV_070102019_2019.4973	Public	CLARK	NV
WNV	WNV_83189_12364_Cq_NV_07092019_2019.5192	2019-07-09	WNV_83189_12364_Cq_NV_07092019_2019.5192	Public	CLARK	NV
WNV	WNV_83204_12442_Cq_NV_07092019_2019.5192	2019-07-09	WNV_83204_12442_Cq_NV_07092019_2019.5192	Public	CLARK	NV
WNV	WNV_83216_12406_Cq_NV_070112019_2019.5247	2019-07-11	WNV_83216_12406_Cq_NV_070112019_2019.5247	Public	CLARK	NV
WNV	WNV_83237_12454_Ct_NV_070152019_2019.5356	2019-07-15	WNV_83237_12454_Ct_NV_070152019_2019.5356	Public	CLARK	NV
WNV	WNV_83240_12450_Ct_NV_070152019_2019.5356	2019-07-15	WNV_83240_12450_Ct_NV_070152019_2019.5356	Public	CLARK	NV
WNV	WNV_83253_12482_Cq_NV_070162019_2019.5384	2019-07-16	WNV_83253_12482_Cq_NV_070162019_2019.5384	Public	CLARK	NV
WNV	WNV_83688_12544_Cq_NV_070172019_2019.5411	2019-07-17	WNV_83688_12544_Cq_NV_070172019_2019.5411	Public	CLARK	NV
WNV	WNV_83689_12551_Cq_NV_070172019_2019.5411	2019-07-17	WNV_83689_12551_Cq_NV_070172019_2019.5411	Public	CLARK	NV
WNV	WNV_84352_12613_Cq_NV_070232019_2019.5575	2019-07-23	WNV_84352_12613_Cq_NV_070232019_2019.5575	Public	CLARK	NV
WNV	WNV_84777_12761_Cq_NV_070252019_2019.563	2019-07-25	WNV_84777_12761_Cq_NV_070252019_2019.563	Public	CLARK	NV
WNV	WNV_84784_12766_Cq_NV_070252019_2019.563	2019-07-25	WNV_84784_12766_Cq_NV_070252019_2019.563	Public	CLARK	NV
WNV	WNV_85426_12853_Ct_NV_070292019_2019.574	2019-07-29	WNV_85426_12853_Ct_NV_070292019_2019.574	Public	CLARK	NV
WNV	WNV_85457_12823_Cq_NV_070292019_2019.574	2019-07-29	WNV_85457_12823_Cq_NV_070292019_2019.574	Public	CLARK	NV
WNV	WNV_85850_12920_Cq_NV_08012019_2019.5822	2019-08-01	WNV_85850_12920_Cq_NV_08012019_2019.5822	Public	CLARK	NV
WNV	WNV_86652_12981_Cq_NV_08012019_2019.5822	2019-08-01	WNV_86652_12981_Cq_NV_08012019_2019.5822	Public	CLARK	NV
WNV	WNV_86926_13029_Cq_NV_08062019_2019.5959	2019-08-06	WNV_86926_13029_Cq_NV_08062019_2019.5959	Public	CLARK	NV
WNV	WNV_86935_13064_Cq_NV_08082019_2019.6014	2019-08-08	WNV_86935_13064_Cq_NV_08082019_2019.6014	Public	CLARK	NV
WNV	WNV_86945_13052_Cq_NV_08082019_2019.6014	2019-08-08	WNV_86945_13052_Cq_NV_08082019_2019.6014	Public	CLARK	NV
WNV	WNV_87659_13217_Cq_NV_080132019_2019.6151	2019-08-13	WNV_87659_13217_Cq_NV_080132019_2019.6151	Public	CLARK	NV
WNV	WNV_88273_13287_Cq_NV_080192019_2019.6315	2019-08-19	WNV_88273_13287_Cq_NV_080192019_2019.6315	Public	CLARK	NV
WNV	WNV_CoconinoCrow1_CoconinoCounty_AZ_09202019_2019.7192	2019-09-20	WNV_CoconinoCrow1_CoconinoCounty_AZ_09202019_2019.7192	Public	COCONINO	AZ
WNV	WNV_CoconinoCrow2_CoconinoCounty_AZ_09162019_2019.7082	2019-09-16	WNV_CoconinoCrow2_CoconinoCounty_AZ_09162019_2019.7082	Public	COCONINO	AZ
WNV	WNV_Raven_McPhearsonPark_CoconinoCounty_AZ_09162020_2019.7082	2019-09-16	WNV_Raven_McPhearsonPark_CoconinoCounty_AZ_09162020_2019.7082	Public	COCONINO	AZ
WNV	WNVSLE_82382_12345_Cq_NV_07082019_2019.5164	2019-07-08	WNVSLE_82382_12345_Cq_NV_07082019_2019.5164	Public	CLARK	NV
WNV	WNVSLE_82695_12417_Ct_NV_070112019_2019.5247	2019-07-11	WNVSLE_82695_12417_Ct_NV_070112019_2019.5247	Public	CLARK	NV
WNV	WNVSLE_82700_12419_Cs_NV_070112019_2019.5247	2019-07-11	WNVSLE_82700_12419_Cs_NV_070112019_2019.5247	Public	CLARK	NV
WNV	WNVSLE_83681_12573_Cq_NV_070172019_2019.5411	2019-07-17	WNVSLE_83681_12573_Cq_NV_070172019_2019.5411	Public	CLARK	NV
WNV	WNVSLE_84408_12666_Cq_NV_070232019_2019.5575	2019-07-23	WNVSLE_84408_12666_Cq_NV_070232019_2019.5575	Public	CLARK	NV
WNV	WNVSLE_84788_12769_Cq_NV_070252019_2019.563	2019-07-25	WNVSLE_84788_12769_Cq_NV_070252019_2019.563	Public	CLARK	NV
WNV	WNVSLE_84800_12778_Cq_NV_070252019_2019.563	2019-07-25	WNVSLE_84800_12778_Cq_NV_070252019_2019.563	Public	CLARK	NV
WNV	AF196835_Pc_NY_1999.71	1999-09-17	AF196835_Pc_NY_1999.71	Public	Public	NY
WNV	AF202541_Hs_NY_1999.66	1999-08-29	AF202541_Hs_NY_1999.66	Public	Public	NY
WNV	AF260967_Ec_NY_1999.5	1999-07-02	AF260967_Ec_NY_1999.5	Public	Public	NY
WNV	AF404753_Cb_MD_2000.5	2000-07-02	AF404753_Cb_MD_2000.5	Public	Public	MD
WNV	AF404754_Cp_NJ_2000.5	2000-07-02	AF404754_Cp_NJ_2000.5	Public	Public	NJ
WNV	AF404755_Bu_NY_2000.5	2000-07-02	AF404755_Bu_NY_2000.5	Public	Public	NY
WNV	AF404756_Cb_NY_2000.5	2000-07-02	AF404756_Cb_NY_2000.5	Public	Public	NY
WNV	AF533540_Hs_NY_2001.71	2001-09-17	AF533540_Hs_NY_2001.71	Public	Public	NY
WNV	AY289214_Hs_TX_2002.62	2002-08-15	AY289214_Hs_TX_2002.62	Public	Public	TX
WNV	AY646354_Hs_NY_2002.5	2002-07-02	AY646354_Hs_NY_2002.5	Public	Public	NY
WNV	AY712945_Zm_TX_2003.5	2003-07-02	AY712945_Zm_TX_2003.5	Public	Public	TX
WNV	AY712946_Cc_TX_2003.5	2003-07-02	AY712946_Cc_TX_2003.5	Public	Public	TX
WNV	AY712947_Cc_TX_2003.5	2003-07-02	AY712947_Cc_TX_2003.5	Public	Public	TX
WNV	AY712948_Cq_TX_2003.5	2003-07-02	AY712948_Cq_TX_2003.5	Public	Public	TX
WNV	AY795965_Hs_MI_2002.5	2002-07-02	AY795965_Hs_MI_2002.5	Public	Public	MI
WNV	DQ005530_Hs_UT_2003.5	2003-07-02	DQ005530_Hs_UT_2003.5	Public	Public	UT
WNV	DQ080051_Ct_AZ_2003.5	2003-07-02	DQ080051_Ct_AZ_2003.5	Public	Public	AZ
WNV	DQ080052_Ct_AZ_2003.5	2003-07-02	DQ080052_Ct_AZ_2003.5	Public	Public	AZ
WNV	DQ080053_Ct_AZ_2003.5	2003-07-02	DQ080053_Ct_AZ_2003.5	Public	Public	AZ
WNV	DQ080054_Cq_CA_2003.5	2003-07-02	DQ080054_Cq_CA_2003.5	Public	Public	CA
WNV	DQ080055_Ct_CA_2003.5	2003-07-02	DQ080055_Ct_CA_2003.5	Public	Public	CA
WNV	DQ080056_Ct_CA_2003.5	2003-07-02	DQ080056_Ct_CA_2003.5	Public	Public	CA
WNV	DQ080057_Cb_CA_2003.5	2003-07-02	DQ080057_Cb_CA_2003.5	Public	Public	CA
WNV	DQ080058_Cb_CA_2003.5	2003-07-02	DQ080058_Cb_CA_2003.5	Public	Public	CA
WNV	DQ080059_Pn_CA_2003.5	2003-07-02	DQ080059_Pn_CA_2003.5	Public	Public	CA
WNV	DQ080060_Cc_BCNM_2004.5	2004-07-02	DQ080060_Cc_BCNM_2004.5	Public	Public	BCNM
WNV	DQ080061_Ccs_LA_2004.5	2004-07-02	DQ080061_Ccs_LA_2004.5	Public	Public	LA
WNV	DQ080062_Cx_LA_2002.5	2002-07-02	DQ080062_Cx_LA_2002.5	Public	Public	LA
WNV	DQ080063_Cl_BCNM_2003.5	2003-07-02	DQ080063_Cl_BCNM_2003.5	Public	Public	BCNM
WNV	DQ080064_Fa_BCNM_2003.5	2003-07-02	DQ080064_Fa_BCNM_2003.5	Public	Public	BCNM
WNV	DQ080065_Qq_BCNM_2003.5	2003-07-02	DQ080065_Qq_BCNM_2003.5	Public	Public	BCNM
WNV	DQ080066_Px_BCNM_2003.5	2003-07-02	DQ080066_Px_BCNM_2003.5	Public	Public	BCNM
WNV	DQ080067_Bvs_BCNM_2003.5	2003-07-02	DQ080067_Bvs_BCNM_2003.5	Public	Public	BCNM
WNV	DQ080068_Ah_BCNM_2003.5	2003-07-02	DQ080068_Ah_BCNM_2003.5	Public	Public	BCNM
WNV	DQ080069_Ec_TAMM_2003.5	2003-07-02	DQ080069_Ec_TAMM_2003.5	Public	Public	TAMM
WNV	DQ080070_Qq_SONM_2003.5	2003-07-02	DQ080070_Qq_SONM_2003.5	Public	Public	SONM
WNV	DQ080071_Ec_FL_2002.5	2002-07-02	DQ080071_Ec_FL_2002.5	Public	Public	FL
WNV	DQ080072_Dc_FL_2001.5	2001-07-02	DQ080072_Dc_FL_2001.5	Public	Public	FL
WNV	DQ164186_Cb_NY_2002.5	2002-07-02	DQ164186_Cb_NY_2002.5	Public	Public	NY
WNV	DQ164187_Cb_NY_2002.5	2002-07-02	DQ164187_Cb_NY_2002.5	Public	Public	NY
WNV	DQ164188_Cb_NY_2003.5	2003-07-02	DQ164188_Cb_NY_2003.5	Public	Public	NY
WNV	DQ164189_Cb_NY_2003.5	2003-07-02	DQ164189_Cb_NY_2003.5	Public	Public	NY
WNV	DQ164190_Cb_NY_2003.5	2003-07-02	DQ164190_Cb_NY_2003.5	Public	Public	NY
WNV	DQ164191_Cb_NY_2003.5	2003-07-02	DQ164191_Cb_NY_2003.5	Public	Public	NY
WNV	DQ164192_Cb_NY_2003.5	2003-07-02	DQ164192_Cb_NY_2003.5	Public	Public	NY
WNV	DQ164193_Cb_NY_2002.5	2002-07-02	DQ164193_Cb_NY_2002.5	Public	Public	NY
WNV	DQ164194_Cb_NY_2001.5	2001-07-02	DQ164194_Cb_NY_2001.5	Public	Public	NY
WNV	DQ164195_Cx_NY_2002.5	2002-07-02	DQ164195_Cx_NY_2002.5	Public	Public	NY
WNV	DQ164196_Hs_GA_2002.5	2002-07-02	DQ164196_Hs_GA_2002.5	Public	Public	GA
WNV	DQ164197_Hs_GA_2002.5	2002-07-02	DQ164197_Hs_GA_2002.5	Public	Public	GA
WNV	DQ164198_Hs_TX_2002.5	2002-07-02	DQ164198_Hs_TX_2002.5	Public	Public	TX
WNV	DQ164199_Hs_TX_2003.5	2003-07-02	DQ164199_Hs_TX_2003.5	Public	Public	TX
WNV	DQ164200_Hs_IN_2002.5	2002-07-02	DQ164200_Hs_IN_2002.5	Public	Public	IN
WNV	DQ164201_Hs_AZ_2004.5	2004-07-02	DQ164201_Hs_AZ_2004.5	Public	Public	AZ
WNV	DQ164202_Hs_OH_2002.5	2002-07-02	DQ164202_Hs_OH_2002.5	Public	Public	OH
WNV	DQ164203_Ph_CO_2003.5	2003-07-02	DQ164203_Ph_CO_2003.5	Public	Public	CO
WNV	DQ164204_Bj_CO_2003.5	2003-07-02	DQ164204_Bj_CO_2003.5	Public	Public	CO
WNV	DQ164205_Hs_TX_2002.5	2002-07-02	DQ164205_Hs_TX_2002.5	Public	Public	TX
WNV	DQ164206_Cc_TX_2004.5	2004-07-02	DQ164206_Cc_TX_2004.5	Public	Public	TX
WNV	DQ176637_Qq_TX_2002.5	2002-07-02	DQ176637_Qq_TX_2002.5	Public	Public	TX
WNV	DQ431693_Hs_TX_2003.6	2003-08-07	DQ431693_Hs_TX_2003.6	Public	Public	TX
WNV	DQ431694_Hs_TX_2003.62	2003-08-15	DQ431694_Hs_TX_2003.62	Public	Public	TX
WNV	DQ431695_Hs_IL_2003.5	2003-07-02	DQ431695_Hs_IL_2003.5	Public	Public	IL
WNV	DQ431696_Hs_WI_2003.7	2003-09-13	DQ431696_Hs_WI_2003.7	Public	Public	WI
WNV	DQ431697_Hs_FL_2003.56	2003-07-24	DQ431697_Hs_FL_2003.56	Public	Public	FL
WNV	DQ431698_Hs_FL_2003.65	2003-08-26	DQ431698_Hs_FL_2003.65	Public	Public	FL
WNV	DQ431699_Hs_FL_2003.73	2003-09-24	DQ431699_Hs_FL_2003.73	Public	Public	FL
WNV	DQ431700_Hs_CA_2004.5	2004-07-02	DQ431700_Hs_CA_2004.5	Public	Public	CA
WNV	DQ431701_Hs_CO_2004.53	2004-07-12	DQ431701_Hs_CO_2004.53	Public	Public	CO
WNV	DQ431702_Hs_CO_2004.57	2004-07-27	DQ431702_Hs_CO_2004.57	Public	Public	CO
WNV	DQ431703_Hs_CO_2004.57	2004-07-27	DQ431703_Hs_CO_2004.57	Public	Public	CO
WNV	DQ431704_Hs_CO_2004.57	2004-07-27	DQ431704_Hs_CO_2004.57	Public	Public	CO
WNV	DQ431705_Hs_SD_2004.52	2004-07-09	DQ431705_Hs_SD_2004.52	Public	Public	SD
WNV	DQ431706_Hs_NM_2004.57	2004-07-27	DQ431706_Hs_NM_2004.57	Public	Public	NM
WNV	DQ431707_Hs_NM_2004.58	2004-07-31	DQ431707_Hs_NM_2004.58	Public	Public	NM
WNV	DQ431708_Hs_CA_2004.54	2004-07-16	DQ431708_Hs_CA_2004.54	Public	Public	CA
WNV	DQ431709_Hs_CA_2004.54	2004-07-16	DQ431709_Hs_CA_2004.54	Public	Public	CA
WNV	DQ431710_Hs_CA_2004.58	2004-07-31	DQ431710_Hs_CA_2004.58	Public	Public	CA
WNV	DQ431711_Hs_AZ_2004.5	2004-07-02	DQ431711_Hs_AZ_2004.5	Public	Public	AZ
WNV	DQ431712_Hs_AZ_2004.57	2004-07-27	DQ431712_Hs_AZ_2004.57	Public	Public	AZ
WNV	DQ666448_Hs_AZ_2004.5	2004-07-02	DQ666448_Hs_AZ_2004.5	Public	Public	AZ
WNV	DQ666449_Hs_TX_2005.5	2005-07-02	DQ666449_Hs_TX_2005.5	Public	Public	TX
WNV	DQ666450_Hs_TX_2005.5	2005-07-02	DQ666450_Hs_TX_2005.5	Public	Public	TX
WNV	DQ666451_Hs_AZ_2005.5	2005-07-02	DQ666451_Hs_AZ_2005.5	Public	Public	AZ
WNV	DQ666452_Hs_SD_2005.5	2005-07-02	DQ666452_Hs_SD_2005.5	Public	Public	SD
WNV	DQ983578_Cn_FL_2003.5	2003-07-02	DQ983578_Cn_FL_2003.5	Public	Public	FL
WNV	FJ151394_Cb_NY_1999.5	1999-07-02	FJ151394_Cb_NY_1999.5	Public	Public	NY
WNV	GQ507468_Hs_TX_2005.59	2005-08-04	GQ507468_Hs_TX_2005.59	Public	Public	TX
WNV	GQ507469_Hs_NM_2005.67	2005-09-02	GQ507469_Hs_NM_2005.67	Public	Public	NM
WNV	GQ507470_Hs_TX_2006.66	2006-08-29	GQ507470_Hs_TX_2006.66	Public	Public	TX
WNV	GQ507471_Hs_TX_2007.48	2007-06-25	GQ507471_Hs_TX_2007.48	Public	Public	TX
WNV	GQ507472_Hs_CA_2003.53	2003-07-13	GQ507472_Hs_CA_2003.53	Public	Public	CA
WNV	GQ507473_Hs_CA_2004.56	2004-07-23	GQ507473_Hs_CA_2004.56	Public	Public	CA
WNV	GQ507474_Hs_CA_2004.66	2004-08-29	GQ507474_Hs_CA_2004.66	Public	Public	CA
WNV	GQ507475_Hs_CA_2004.49	2004-06-28	GQ507475_Hs_CA_2004.49	Public	Public	CA
WNV	GQ507476_Hs_CA_2005.57	2005-07-28	GQ507476_Hs_CA_2005.57	Public	Public	CA
WNV	GQ507477_Hs_CA_2005.58	2005-07-31	GQ507477_Hs_CA_2005.58	Public	Public	CA
WNV	GQ507478_Hs_CA_2005.65	2005-08-26	GQ507478_Hs_CA_2005.65	Public	Public	CA
WNV	GQ507479_Hs_AZ_2005.69	2005-09-09	GQ507479_Hs_AZ_2005.69	Public	Public	AZ
WNV	GQ507480_Hs_CA_2005.76	2005-10-05	GQ507480_Hs_CA_2005.76	Public	Public	CA
WNV	GQ507481_Hs_NE_2006.64	2006-08-22	GQ507481_Hs_NE_2006.64	Public	Public	NE
WNV	GQ507482_Hs_AZ_2006.67	2006-09-02	GQ507482_Hs_AZ_2006.67	Public	Public	AZ
WNV	GQ507483_Hs_CA_2007.59	2007-08-04	GQ507483_Hs_CA_2007.59	Public	Public	CA
WNV	GQ507484_Hs_CA_2007.63	2007-08-18	GQ507484_Hs_CA_2007.63	Public	Public	CA
WNV	KF704147.1_Cq_AZ_2010.6	2010-07-31	KF704147.1_Cq_AZ_2010.6	Public	Public	AZ
WNV	KF704153.1_Cq_AZ_2010.58	2010-08-07	KF704153.1_Cq_AZ_2010.58	Public	Public	AZ
WNV	KF704158.1_Cq_AZ_2010.58	2010-07-31	KF704158.1_Cq_AZ_2010.58	Public	Public	AZ
WNV	KR348915.1_Ct_CA_2011.66	2011-08-29	KR348915.1_Ct_CA_2011.66	Public	Public	CA
WNV	KR348916.1_Ct_CA_2008.63	2008-08-18	KR348916.1_Ct_CA_2008.63	Public	Public	CA
WNV	KR348917.1_Ct_CA_2008.37	2008-05-15	KR348917.1_Ct_CA_2008.37	Public	Public	CA
WNV	KR348918.1_Cp_CA_2011.9	2011-11-25	KR348918.1_Cp_CA_2011.9	Public	Public	CA
WNV	KR348919.1_Ct_CA_2009.58	2009-07-31	KR348919.1_Ct_CA_2009.58	Public	Public	CA
WNV	KR348920.1_Ct_CA_2009.18	2009-03-07	KR348920.1_Ct_CA_2009.18	Public	Public	CA
WNV	KR348921.1_Cp_CA_2009.18	2009-03-07	KR348921.1_Cp_CA_2009.18	Public	Public	CA
WNV	KR348922.1_Ct_CA_2009.63	2009-08-18	KR348922.1_Ct_CA_2009.63	Public	Public	CA
WNV	KR348923.1_Ct_CA_2003.63	2003-08-18	KR348923.1_Ct_CA_2003.63	Public	Public	CA
WNV	KR348924.1_Ct_CA_2003.63	2003-08-18	KR348924.1_Ct_CA_2003.63	Public	Public	CA
WNV	KR348925.1_Ct_CA_2003.63	2003-08-18	KR348925.1_Ct_CA_2003.63	Public	Public	CA
WNV	KR348926.1_Ct_CA_2008.93	2008-12-06	KR348926.1_Ct_CA_2008.93	Public	Public	CA
WNV	KR348927.1_Ct_CA_2003.7	2003-09-13	KR348927.1_Ct_CA_2003.7	Public	Public	CA
WNV	KR348928.1_Ct_CA_2007.77	2007-10-09	KR348928.1_Ct_CA_2007.77	Public	Public	CA
WNV	KR348929.1_Ct_CA_2008.77	2008-10-08	KR348929.1_Ct_CA_2008.77	Public	Public	CA
WNV	KR348930.1_Ct_CA_2009.02	2009-01-08	KR348930.1_Ct_CA_2009.02	Public	Public	CA
WNV	KR348931.1_Ct_CA_2009.02	2009-01-08	KR348931.1_Ct_CA_2009.02	Public	Public	CA
WNV	KR348932.1_Ct_CA_2007.72	2007-09-20	KR348932.1_Ct_CA_2007.72	Public	Public	CA
WNV	KR348933.1_Ct_CA_2008.19	2008-03-10	KR348933.1_Ct_CA_2008.19	Public	Public	CA
WNV	KR348934.1_Ct_CA_2007.72	2007-09-20	KR348934.1_Ct_CA_2007.72	Public	Public	CA
WNV	KR348935.1_Ct_CA_2005.41	2005-05-30	KR348935.1_Ct_CA_2005.41	Public	Public	CA
WNV	KR348936.1_Cq_CA_2008.74	2008-09-27	KR348936.1_Cq_CA_2008.74	Public	Public	CA
WNV	KR348937.1_Ct_CA_2010.6	2010-08-07	KR348937.1_Ct_CA_2010.6	Public	Public	CA
WNV	KR348938.1_Ct_CA_2011.13	2011-02-17	KR348938.1_Ct_CA_2011.13	Public	Public	CA
WNV	KR348939.1_Ct_CA_2005.47	2005-06-21	KR348939.1_Ct_CA_2005.47	Public	Public	CA
WNV	KR348940.1_Ct_CA_2010.6	2010-08-07	KR348940.1_Ct_CA_2010.6	Public	Public	CA
WNV	KR348941.1_Ct_CA_2011.66	2011-08-29	KR348941.1_Ct_CA_2011.66	Public	Public	CA
WNV	KR348942.1_Ct_CA_2011.66	2011-08-29	KR348942.1_Ct_CA_2011.66	Public	Public	CA
WNV	KR348943.1_Ct_CA_2004.29	2004-04-16	KR348943.1_Ct_CA_2004.29	Public	Public	CA
WNV	KR348944.1_Ct_CA_2010.7	2010-09-13	KR348944.1_Ct_CA_2010.7	Public	Public	CA
WNV	KR348945.1_Ct_CA_2004.29	2004-04-16	KR348945.1_Ct_CA_2004.29	Public	Public	CA
WNV	KR348946.1_Cq_CA_2008.56	2008-07-23	KR348946.1_Cq_CA_2008.56	Public	Public	CA
WNV	KR348947.1_Cq_CA_2007.72	2007-09-20	KR348947.1_Cq_CA_2007.72	Public	Public	CA
WNV	KR348948.1_Cq_CA_2004.63	2004-08-18	KR348948.1_Cq_CA_2004.63	Public	Public	CA
WNV	KR348949.1_Cq_CA_2004.65	2004-08-25	KR348949.1_Cq_CA_2004.65	Public	Public	CA
WNV	KR348950.1_Cq_CA_2008.39	2008-05-22	KR348950.1_Cq_CA_2008.39	Public	Public	CA
WNV	KR348951.1_Cq_CA_2004.38	2004-05-19	KR348951.1_Cq_CA_2004.38	Public	Public	CA
WNV	KR348952.1_Cq_CA_2007.8	2007-10-19	KR348952.1_Cq_CA_2007.8	Public	Public	CA
WNV	KR348953.1_Cq_CA_2008.74	2008-09-27	KR348953.1_Cq_CA_2008.74	Public	Public	CA
WNV	KR348954.1_Cq_CA_2010.85	2010-11-07	KR348954.1_Cq_CA_2010.85	Public	Public	CA
WNV	KR348955.1_Cq_CA_2007.36	2007-05-12	KR348955.1_Cq_CA_2007.36	Public	Public	CA
WNV	KR348956.1_Cq_CA_2010.94	2010-12-10	KR348956.1_Cq_CA_2010.94	Public	Public	CA
WNV	KR348957.1_Cq_CA_2010.94	2010-12-10	KR348957.1_Cq_CA_2010.94	Public	Public	CA
WNV	KR348958.1_Cq_CA_2011.11	2011-02-10	KR348958.1_Cq_CA_2011.11	Public	Public	CA
WNV	KR348959.1_Cq_CA_2011.11	2011-02-10	KR348959.1_Cq_CA_2011.11	Public	Public	CA
WNV	KR348960.1_Cq_CA_2011.11	2011-02-10	KR348960.1_Cq_CA_2011.11	Public	Public	CA
WNV	KR348961.1_Cq_CA_2011.11	2011-02-10	KR348961.1_Cq_CA_2011.11	Public	Public	CA
WNV	KR348962.1_Cq_CA_2011.11	2011-02-10	KR348962.1_Cq_CA_2011.11	Public	Public	CA
WNV	KR348963.1_Cs_CA_2011.11	2011-02-10	KR348963.1_Cs_CA_2011.11	Public	Public	CA
WNV	KR348964.1_Cq_CA_2011.82	2011-10-27	KR348964.1_Cq_CA_2011.82	Public	Public	CA
WNV	KR348965.1_Cq_CA_2011.82	2011-10-27	KR348965.1_Cq_CA_2011.82	Public	Public	CA
WNV	KR348966.1_Cq_CA_2011.82	2011-10-27	KR348966.1_Cq_CA_2011.82	Public	Public	CA
WNV	KR348967.1_Cq_CA_2011.88	2011-11-18	KR348967.1_Cq_CA_2011.88	Public	Public	CA
WNV	KR348968.1_Cq_CA_2008.56	2008-07-23	KR348968.1_Cq_CA_2008.56	Public	Public	CA
WNV	KR348969.1_Cs_CA_2011.48	2011-06-25	KR348969.1_Cs_CA_2011.48	Public	Public	CA
WNV	KR348970.1_Cq_CA_2008.56	2008-07-23	KR348970.1_Cq_CA_2008.56	Public	Public	CA
WNV	KR348971.1_Cs_CA_2011.5	2011-07-02	KR348971.1_Cs_CA_2011.5	Public	Public	CA
WNV	KR348972.1_Cq_CA_2011.43	2011-06-06	KR348972.1_Cq_CA_2011.43	Public	Public	CA
WNV	KR348973.1_Cq_CA_2011.43	2011-06-06	KR348973.1_Cq_CA_2011.43	Public	Public	CA
WNV	KR348974.1_Cs_CA_2004.19	2004-03-10	KR348974.1_Cs_CA_2004.19	Public	Public	CA
WNV	KR348975.1_Cq_CA_2004.19	2004-03-10	KR348975.1_Cq_CA_2004.19	Public	Public	CA
WNV	KR348976.1_Ct_CA_2011.55	2011-07-20	KR348976.1_Ct_CA_2011.55	Public	Public	CA
WNV	KR348977.1_Ct_CA_2011.62	2011-08-15	KR348977.1_Ct_CA_2011.62	Public	Public	CA
WNV	KR348978.1_Cq_CA_2008.49	2008-06-28	KR348978.1_Cq_CA_2008.49	Public	Public	CA
WNV	KR348979.1_Cq_CA_2004.53	2004-07-12	KR348979.1_Cq_CA_2004.53	Public	Public	CA
WNV	KR348980.1_Ct_CA_2011.02	2011-01-08	KR348980.1_Ct_CA_2011.02	Public	Public	CA
WNV	KR348981.1_Ct_CA_2011.02	2011-01-08	KR348981.1_Ct_CA_2011.02	Public	Public	CA
WNV	KR348982.1_Ct_CA_2011.02	2011-01-08	KR348982.1_Ct_CA_2011.02	Public	Public	CA
WNV	KR348983.1_Cq_CA_2011.02	2011-01-08	KR348983.1_Cq_CA_2011.02	Public	Public	CA
WNV	KR348984.1_Cq_CA_2011.02	2011-01-08	KR348984.1_Cq_CA_2011.02	Public	Public	CA
WNV	KR348985.1_Ct_CA_2007.62	2007-08-15	KR348985.1_Ct_CA_2007.62	Public	Public	CA
WNV	KR348986.1_Ct_CA_2007.62	2007-08-15	KR348986.1_Ct_CA_2007.62	Public	Public	CA
WNV	KR348987.1_Ct_CA_2008.78	2008-10-12	KR348987.1_Ct_CA_2008.78	Public	Public	CA
WNV	KR348988.1_Cq_CA_2008.94	2008-12-10	KR348988.1_Cq_CA_2008.94	Public	Public	CA
WNV	KR348989.1_Ct_CA_2007.86	2007-11-10	KR348989.1_Ct_CA_2007.86	Public	Public	CA
WNV	KR348990.1_Cq_CA_2007.7	2007-09-13	KR348990.1_Cq_CA_2007.7	Public	Public	CA
WNV	KR348991.1_Cq_CA_2007.7	2007-09-13	KR348991.1_Cq_CA_2007.7	Public	Public	CA
WNV	KR348992.1_Cq_CA_2006.73	2006-09-24	KR348992.1_Cq_CA_2006.73	Public	Public	CA
WNV	KR348993.1_Ct_CA_2011.55	2011-07-20	KR348993.1_Ct_CA_2011.55	Public	Public	CA
WNV	KR348994.1_Cp_CA_2005.65	2005-08-26	KR348994.1_Cp_CA_2005.65	Public	Public	CA
WNV	KR348995.1_Ct_CA_2005.64	2005-08-22	KR348995.1_Ct_CA_2005.64	Public	Public	CA
WNV	KR348996.1_Ct_CA_2004.61	2004-08-11	KR348996.1_Ct_CA_2004.61	Public	Public	CA
WNV	KR348997.1_Cp_CA_2005.49	2005-06-28	KR348997.1_Cp_CA_2005.49	Public	Public	CA
WNV	KR348998.1_Cp_CA_2008.49	2008-06-28	KR348998.1_Cp_CA_2008.49	Public	Public	CA
WNV	KR348999.1_Cp_CA_2005.55	2005-07-20	KR348999.1_Cp_CA_2005.55	Public	Public	CA
WNV	KR349000.1_Ct_CA_2008.57	2008-07-27	KR349000.1_Ct_CA_2008.57	Public	Public	CA
WNV	KR349001.1_Cp_CA_2011.02	2011-01-08	KR349001.1_Cp_CA_2011.02	Public	Public	CA
WNV	KR349002.1_Ct_CA_2011.02	2011-01-08	KR349002.1_Ct_CA_2011.02	Public	Public	CA
WNV	KR349003.1_Ct_CA_2011.02	2011-01-08	KR349003.1_Ct_CA_2011.02	Public	Public	CA
WNV	KR349004.1_Cp_CA_2011.02	2011-01-08	KR349004.1_Cp_CA_2011.02	Public	Public	CA
WNV	KR349005.1_Cp_CA_2011.02	2011-01-08	KR349005.1_Cp_CA_2011.02	Public	Public	CA
WNV	KR349006.1_Cp_CA_2011.02	2011-01-08	KR349006.1_Cp_CA_2011.02	Public	Public	CA
WNV	KR349007.1_Ct_CA_2005.54	2005-07-17	KR349007.1_Ct_CA_2005.54	Public	Public	CA
WNV	KR349008.1_Ct_CA_2005.54	2005-07-17	KR349008.1_Ct_CA_2005.54	Public	Public	CA
WNV	KR349009.1_Ct_CA_2005.54	2005-07-17	KR349009.1_Ct_CA_2005.54	Public	Public	CA
WNV	KR349010.1_Ct_CA_2005.57	2005-07-28	KR349010.1_Ct_CA_2005.57	Public	Public	CA
WNV	KR349011.1_Cp_CA_2005.57	2005-07-28	KR349011.1_Cp_CA_2005.57	Public	Public	CA
WNV	KR349012.1_Cp_CA_2005.57	2005-07-28	KR349012.1_Cp_CA_2005.57	Public	Public	CA
WNV	KR349013.1_Ct_CA_2007.73	2007-09-24	KR349013.1_Ct_CA_2007.73	Public	Public	CA
WNV	KR349014.1_Ct_CA_2008.65	2008-08-25	KR349014.1_Ct_CA_2008.65	Public	Public	CA
WNV	KR349015.1_Ct_CA_2004.86	2004-11-10	KR349015.1_Ct_CA_2004.86	Public	Public	CA
WNV	KR349016.1_Ct_CA_2004.62	2004-08-14	KR349016.1_Ct_CA_2004.62	Public	Public	CA
WNV	KR349017.1_Cp_CA_2007.56	2007-07-24	KR349017.1_Cp_CA_2007.56	Public	Public	CA
WNV	KR349018.1_Cp_CA_2007.57	2007-07-28	KR349018.1_Cp_CA_2007.57	Public	Public	CA
WNV	KR349019.1_Cp_CA_2009.65	2009-08-26	KR349019.1_Cp_CA_2009.65	Public	Public	CA
WNV	KR349020.1_Ct_CA_2011.11	2011-02-10	KR349020.1_Ct_CA_2011.11	Public	Public	CA
WNV	KR349021.1_Ct_CA_2011.02	2011-01-08	KR349021.1_Ct_CA_2011.02	Public	Public	CA
WNV	KR349022.1_Cq_CA_2011.11	2011-02-10	KR349022.1_Cq_CA_2011.11	Public	Public	CA
WNV	KR349023.1_Ct_CA_2004.62	2004-08-14	KR349023.1_Ct_CA_2004.62	Public	Public	CA
WNV	KR349024.1_Ct_CA_2003.63	2003-08-18	KR349024.1_Ct_CA_2003.63	Public	Public	CA
WNV	KR349025.1_Ct_CA_2007.56	2007-07-24	KR349025.1_Ct_CA_2007.56	Public	Public	CA
WNV	KR349026.1_Ct_CA_2011.7	2011-09-13	KR349026.1_Ct_CA_2011.7	Public	Public	CA
WNV	KY216149.1_Cp_NY_2012.47	2012-06-21	KY216149.1_Cp_NY_2012.47	Public	Public	NY
WNV	KY216150.1_Cp_NY_2012.53	2012-07-12	KY216150.1_Cp_NY_2012.53	Public	Public	NY
WNV	KY216151.1_Cp_NY_2012.54	2012-07-16	KY216151.1_Cp_NY_2012.54	Public	Public	NY
WNV	KY216152.1_Cp_NY_2012.54	2012-07-16	KY216152.1_Cp_NY_2012.54	Public	Public	NY
WNV	KY216153.1_Cp_NY_2012.57	2012-07-27	KY216153.1_Cp_NY_2012.57	Public	Public	NY
WNV	KY216154.1_Cp_NY_2012.57	2012-07-27	KY216154.1_Cp_NY_2012.57	Public	Public	NY
WNV	KY216155.1_Cp_NY_2012.60	2012-08-07	KY216155.1_Cp_NY_2012.60	Public	Public	NY
WNV	KY229069.1_Cp_NY_2012.60	2012-08-07	KY229069.1_Cp_NY_2012.60	Public	Public	NY
WNV	KY229070.1_Cp_NY_2012.61	2012-08-11	KY229070.1_Cp_NY_2012.61	Public	Public	NY
WNV	KY229071.1_Cp_NY_2012.60	2012-08-07	KY229071.1_Cp_NY_2012.60	Public	Public	NY
WNV	KY229072.1_Cp_NY_2012.62	2012-08-14	KY229072.1_Cp_NY_2012.62	Public	Public	NY
WNV	KY229073.1_Cp_NY_2012.64	2012-08-22	KY229073.1_Cp_NY_2012.64	Public	Public	NY
WNV	KY229074.1_Cp_NY_2012.64	2012-08-22	KY229074.1_Cp_NY_2012.64	Public	Public	NY
WNV	WNV_1091790_Ct_MT_08.29.18_2018.660274	2018-08-30	WNV_1091790_Ct_MT_08.29.18_2018.660274	Hepp	MTDOH	MT
WNV	WNV_1169648_Cp_UT_072517_2017.566051	2017-07-26	WNV_1169648_Cp_UT_072517_2017.566051	Hepp	UTAH	UT
WNV	WNV_1169713_Cp_UT_073117_2017.582478	2017-08-01	WNV_1169713_Cp_UT_073117_2017.582478	Hepp	UTAH	UT
WNV	WNV_1169744_Cp_UT_073117_2017.582478	2017-08-01	WNV_1169744_Cp_UT_073117_2017.582478	Hepp	UTAH	UT
WNV	WNV_1169794_Cp_UT_080717_2017.601643	2017-08-08	WNV_1169794_Cp_UT_080717_2017.601643	Hepp	UTAH	UT
WNV	WNV_1169823_Cp_UT_080717_2017.601643	2017-08-08	WNV_1169823_Cp_UT_080717_2017.601643	Hepp	UTAH	UT
WNV	WNV_1169857_Ct_UT_081417_2017.620808	2017-08-15	WNV_1169857_Ct_UT_081417_2017.620808	Hepp	UTAH	UT
WNV	WNV_1169922_Cp_UT_081617_2017.626283	2017-08-17	WNV_1169922_Cp_UT_081617_2017.626283	Hepp	UTAH	UT
WNV	WNV_1169929_Cp_UT_082117_2017.639973	2017-08-22	WNV_1169929_Cp_UT_082117_2017.639973	Hepp	UTAH	UT
WNV	WNV_1169936_Cp_UT_082117_2017.639973	2017-08-22	WNV_1169936_Cp_UT_082117_2017.639973	Hepp	UTAH	UT
WNV	WNV_1169941_Ct_UT_082117_2017.639973	2017-08-22	WNV_1169941_Ct_UT_082117_2017.639973	Hepp	UTAH	UT
WNV	WNV_1169952_Cp_UT_082117_2017.639973	2017-08-22	WNV_1169952_Cp_UT_082117_2017.639973	Hepp	UTAH	UT
WNV	WNV_1191624_Ct_UT_071117_2017.527721	2017-07-12	WNV_1191624_Ct_UT_071117_2017.527721	Hepp	UTAH	UT
WNV	WNV_1193718_Ct_UT_071917_2017.549624	2017-07-20	WNV_1193718_Ct_UT_071917_2017.549624	Hepp	UTAH	UT
WNV	WNV_1193730_Cp_UT_071917_2017.549624	2017-07-20	WNV_1193730_Cp_UT_071917_2017.549624	Hepp	UTAH	UT
WNV	WNV_1197941_Ct_UT_072517_2017.566051	2017-07-26	WNV_1197941_Ct_UT_072517_2017.566051	Hepp	UTAH	UT
WNV	WNV_1197943_Cp_UT_072417_2017.563313	2017-07-25	WNV_1197943_Cp_UT_072417_2017.563313	Hepp	UTAH	UT
WNV	WNV_1197963_Ct_UT_072417_2017.563313	2017-07-25	WNV_1197963_Ct_UT_072417_2017.563313	Hepp	UTAH	UT
WNV	WNV_1197976_Cp_UT_072417_2017.563313	2017-07-25	WNV_1197976_Cp_UT_072417_2017.563313	Hepp	UTAH	UT
WNV	WNV_1198106_Cp_UT_072617_2017.568789	2017-07-27	WNV_1198106_Cp_UT_072617_2017.568789	Hepp	UTAH	UT
WNV	WNV_1198115_Cp_UT_072617_2017.568789	2017-07-27	WNV_1198115_Cp_UT_072617_2017.568789	Hepp	UTAH	UT
WNV	WNV_1198226_Ct_UT_080117_2017.585216	2017-08-02	WNV_1198226_Ct_UT_080117_2017.585216	Hepp	UTAH	UT
WNV	WNV_1198240_Ct_UT_073117_2017.582478	2017-08-01	WNV_1198240_Ct_UT_073117_2017.582478	Hepp	UTAH	UT
WNV	WNV_1198288_Cp_UT_080117_2017.585216	2017-08-02	WNV_1198288_Cp_UT_080117_2017.585216	Hepp	UTAH	UT
WNV	WNV_1201260_Ct_UT_080717_2017.601643	2017-08-08	WNV_1201260_Ct_UT_080717_2017.601643	Hepp	UTAH	UT
WNV	WNV_1201358_Cp_UT_080917_2017.607118	2017-08-10	WNV_1201358_Cp_UT_080917_2017.607118	Hepp	UTAH	UT
WNV	WNV_1201651_Ct_UT_081617_2017.626283	2017-08-17	WNV_1201651_Ct_UT_081617_2017.626283	Hepp	UTAH	UT
WNV	WNV_1201775_Ct_UT_082317_2017.645448	2017-08-24	WNV_1201775_Ct_UT_082317_2017.645448	Hepp	UTAH	UT
WNV	WNV_1201877_Ct_UT_083017_2017.664613	2017-08-31	WNV_1201877_Ct_UT_083017_2017.664613	Hepp	UTAH	UT
WNV	WNV_1202008_Cp_UT_083017_2017.664613	2017-08-31	WNV_1202008_Cp_UT_083017_2017.664613	Hepp	UTAH	UT
WNV	WNV_1204419_Ct_UT_080917_2017.607118	2017-08-10	WNV_1204419_Ct_UT_080917_2017.607118	Hepp	UTAH	UT
WNV	WNV_1204421_Ct_UT_080217_2017.587953	2017-08-03	WNV_1204421_Ct_UT_080217_2017.587953	Hepp	UTAH	UT
WNV	WNV_1204426_Cp_UT_080717_2017.601643	2017-08-08	WNV_1204426_Cp_UT_080717_2017.601643	Hepp	UTAH	UT
WNV	WNV_1204534_Ct_UT_081517_2017.623546	2017-08-16	WNV_1204534_Ct_UT_081517_2017.623546	Hepp	UTAH	UT
WNV	WNV_1204538_Cp_UT_081417_2017.620808	2017-08-15	WNV_1204538_Cp_UT_081417_2017.620808	Hepp	UTAH	UT
WNV	WNV_1204631_Ct_UT_082117_2017.639973	2017-08-22	WNV_1204631_Ct_UT_082117_2017.639973	Hepp	UTAH	UT
WNV	WNV_1204869_Cp_UT_082317_2017.645448	2017-08-24	WNV_1204869_Cp_UT_082317_2017.645448	Hepp	UTAH	UT
WNV	WNV_1207986_Cp_UT_081617_2017.626283	2017-08-17	WNV_1207986_Cp_UT_081617_2017.626283	Hepp	UTAH	UT
WNV	WNV_1207997_Cp_UT_082917_2017.661875	2017-08-30	WNV_1207997_Cp_UT_082917_2017.661875	Hepp	UTAH	UT
WNV	WNV_1208135_Ct_UT_082817_2017.659138	2017-08-29	WNV_1208135_Ct_UT_082817_2017.659138	Hepp	UTAH	UT
WNV	WNV_1208151_Cp_UT_083017_2017.664613	2017-08-31	WNV_1208151_Cp_UT_083017_2017.664613	Hepp	UTAH	UT
WNV	WNV_1208328_Ct_UT_090617_2017.683778	2017-09-07	WNV_1208328_Ct_UT_090617_2017.683778	Hepp	UTAH	UT
WNV	WNV_1208412_Ct_UT_091317_2017.702943	2017-09-14	WNV_1208412_Ct_UT_091317_2017.702943	Hepp	UTAH	UT
WNV	WNV_1211542_Cp_UT_083017_2017.664613	2017-08-31	WNV_1211542_Cp_UT_083017_2017.664613	Hepp	UTAH	UT
WNV	WNV_1211632_Cp_UT_091117_2017.697467	2017-09-12	WNV_1211632_Cp_UT_091117_2017.697467	Hepp	UTAH	UT
WNV	WNV_1211751_Cp_UT_091317_2017.702943	2017-09-14	WNV_1211751_Cp_UT_091317_2017.702943	Hepp	UTAH	UT
WNV	WNV_12SP1EzSCL002_Ct_UT_07.15.14_2014.536986	2014-07-15	WNV_12SP1EzSCL002_Ct_UT_07.15.14_2014.536986	Hepp	SWMAC	UT
WNV	WNV_12SP4AzSGE009_Ct_UT_07.16.14_2014.539726	2014-07-16	WNV_12SP4AzSGE009_Ct_UT_07.16.14_2014.539726	Hepp	SWMAC	UT
WNV	WNV_14SP1AzSCL002_Ct_UT_07.29.14_2014.575342	2014-07-29	WNV_14SP1AzSCL002_Ct_UT_07.29.14_2014.575342	Hepp	SWMAC	UT
WNV	WNV_14SP2AzSCL004_Ct_UT_07.29.14_2014.575342	2014-08-01	WNV_14SP2AzSCL004_Ct_UT_07.29.14_2014.575342	Hepp	SWMAC	UT
WNV	WNV_14SP2BzSCL001_Ct_UT_07.29.14_2014.575342	2014-07-29	WNV_14SP2BzSCL001_Ct_UT_07.29.14_2014.575342	Hepp	SWMAC	UT
WNV	WNV_15SP4CzSGE009EX_Ct_UT_08.20.15_2014.635616	2014-08-20	WNV_15SP4CzSGE009EX_Ct_UT_08.20.15_2014.635616	Hepp	SWMAC	UT
WNV	WNV_164572096_0_Cq_AZ_09.20.16_2016.721311	2016-09-20	WNV_164572096_0_Cq_AZ_09.20.16_2016.721311	Hepp	MARICOPA	AZ
WNV	WNV_16aD4_Ce_AZ_07.31.17_2017.580822	2017-08-01	WNV_16aD4_Ce_AZ_07.31.17_2017.580822	Hepp	SWMAC	UT
WNV	WNV_16SP3_UT_09.12.17_2017.69863	2017-09-12	WNV_16SP3_UT_09.12.17_2017.69863	Hepp	SWMAC	UT
WNV	WNV_16SP3C_WAS002_Ct_UT_09.13.17_2017.70137	2017-09-14	WNV_16SP3C_WAS002_Ct_UT_09.13.17_2017.70137	Hepp	SWMAC	UT
WNV	WNV_17SP1AzSCL002_Ct_UT_08.19.14_2014.632877	2014-08-20	WNV_17SP1AzSCL002_Ct_UT_08.19.14_2014.632877	Hepp	SWMAC	UT
WNV	WNV_17SP2_UT_09.18.17_2017.715068	2017-09-18	WNV_17SP2_UT_09.18.17_2017.715068	Hepp	SWMAC	UT
WNV	WNV_17SP2AWAS002_Ct_UT_09.19.17_2017.717808	2017-09-19	WNV_17SP2AWAS002_Ct_UT_09.19.17_2017.717808	Hepp	SWMAC	UT
WNV	WNV_17SP3_UT_09.18.17_2017.715068	2017-09-18	WNV_17SP3_UT_09.18.17_2017.715068	Hepp	SWMAC	UT
WNV	WNV_17SP3AzWAS001_Ct_UT_09.01.15_2015.668493	2015-09-01	WNV_17SP3AzWAS001_Ct_UT_09.01.15_2015.668493	Hepp	SWMAC	UT
WNV	WNV_17SP3DSGE009_Ct_UT_09.19.17_2017.717808	2017-09-19	WNV_17SP3DSGE009_Ct_UT_09.19.17_2017.717808	Hepp	SWMAC	UT
WNV	WNV_17SP3FSGE0092_Ct_UT_09.19.17_2017.717808	2017-09-19	WNV_17SP3FSGE0092_Ct_UT_09.19.17_2017.717808	Hepp	SWMAC	UT
WNV	WNV_17SP4_UT_09.18.17_2017.715068	2017-09-18	WNV_17SP4_UT_09.18.17_2017.715068	Hepp	SWMAC	UT
WNV	WNV_17SP4D_WAS001_Ct_UT_09.18.17_2017.715068	2017-09-18	WNV_17SP4D_WAS001_Ct_UT_09.18.17_2017.715068	Hepp	SWMAC	UT
WNV	WNV_18SP2_UT_09.22.17_2017.726027	2017-09-22	WNV_18SP2_UT_09.22.17_2017.726027	Hepp	SWMAC	UT
WNV	WNV_18SP2C_SGE009_Ct_UT_09.25.17_2017.734247	2017-09-26	WNV_18SP2C_SGE009_Ct_UT_09.25.17_2017.734247	Hepp	SWMAC	UT
WNV	WNV_19SP1azSCL001_Ct_UT_09.02.14_2014.671233	2014-09-03	WNV_19SP1azSCL001_Ct_UT_09.02.14_2014.671233	Hepp	SWMAC	UT
WNV	WNV_19SP4_UT_09.29.17_2017.745205	2017-09-29	WNV_19SP4_UT_09.29.17_2017.745205	Hepp	SWMAC	UT
WNV	WNV_19SP4E_HUR010_Ct_UT_10.02.17_2017.753425	2017-10-03	WNV_19SP4E_HUR010_Ct_UT_10.02.17_2017.753425	Hepp	SWMAC	UT
WNV	WNV_1aA5_Ct_AZ_08.14.17_2017.619178	2017-08-14	WNV_1aA5_Ct_AZ_08.14.17_2017.619178	Hepp	SWMAC	UT
WNV	WNV_1cC10_Ct_AZ_08.28.17_2017.657534	2017-08-28	WNV_1cC10_Ct_AZ_08.28.17_2017.657534	Hepp	SWMAC	UT
WNV	WNV_2_1107024_Ct_MT_08.16.18_2018.624658	2018-08-17	WNV_2_1107024_Ct_MT_08.16.18_2018.624658	Hepp	MTDOH	MT
WNV	WNV_21110zWAS002_Ct_UT_08.06.13_2013.59726	2013-08-06	WNV_21110zWAS002_Ct_UT_08.06.13_2013.59726	Hepp	SWMAC	UT
WNV	WNV_2112zSCL002_Ct_UT_08.05.13_2013.594521	2013-08-06	WNV_2112zSCL002_Ct_UT_08.05.13_2013.594521	Hepp	SWMAC	UT
WNV	WNV_2114zSGE003G_Ct_UT_08.05.13_2013.594521	2013-08-06	WNV_2114zSGE003G_Ct_UT_08.05.13_2013.594521	Hepp	SWMAC	UT
WNV	WNV_2117zSGE009_Ct_UT_08.06.13_2013.59726	2013-08-06	WNV_2117zSGE009_Ct_UT_08.06.13_2013.59726	Hepp	SWMAC	UT
WNV	WNV_2119zSGE012_Ct_UT_08.06.13_2013.59726	2013-08-06	WNV_2119zSGE012_Ct_UT_08.06.13_2013.59726	Hepp	SWMAC	UT
WNV	WNV_21SP1CzSCL001_Ct_UT_08.05.13_2013.594521	2013-08-06	WNV_21SP1CzSCL001_Ct_UT_08.05.13_2013.594521	Hepp	SWMAC	UT
WNV	WNV_21SP1DzSCL004_Ct_UT_08.05.13_2013.594521	2013-08-06	WNV_21SP1DzSCL004_Ct_UT_08.05.13_2013.594521	Hepp	SWMAC	UT
WNV	WNV_21SP2BzSGE007RG_Ct_UT_08.05.13_2013.594521	2013-08-06	WNV_21SP2BzSGE007RG_Ct_UT_08.05.13_2013.594521	Hepp	SWMAC	UT
WNV	WNV_21SP2EzSGE011_Ct_UT_08.05.13_2013.594521	2013-08-06	WNV_21SP2EzSGE011_Ct_UT_08.05.13_2013.594521	Hepp	SWMAC	UT
WNV	WNV_21SP3DzSGE011_Ct_UT_09.16.14_2014.709589	2014-09-16	WNV_21SP3DzSGE011_Ct_UT_09.16.14_2014.709589	Hepp	SWMAC	UT
WNV	WNV_22113zSGE009_Ct_UT_08.13.13_2013.616438	2013-08-13	WNV_22113zSGE009_Ct_UT_08.13.13_2013.616438	Hepp	SWMAC	UT
WNV	WNV_22115zSGE012_Ct_UT_08.13.13_2013.616438	2013-08-13	WNV_22115zSGE012_Ct_UT_08.13.13_2013.616438	Hepp	SWMAC	UT
WNV	WNV_2212zSCL001_Ct_UT_08.12.13_2013.613699	2013-08-13	WNV_2212zSCL001_Ct_UT_08.12.13_2013.613699	Hepp	SWMAC	UT
WNV	WNV_2219zSGE011_Ce_UT_08.12.13_2013.613699	2013-08-13	WNV_2219zSGE011_Ce_UT_08.12.13_2013.613699	Hepp	SWMAC	UT
WNV	WNV_2297_Ct_CA_06.06.17_2017.430137	2017-06-07	WNV_2297_Ct_CA_06.06.17_2017.430137	Hepp	COAV	CA
WNV	WNV_22SP1BzIVI003_Ct_UT_08.16.13_2013.624658	2013-08-17	WNV_22SP1BzIVI003_Ct_UT_08.16.13_2013.624658	Hepp	SWMAC	UT
WNV	WNV_22SP1EzWAS008_Ct_UT_08.14.13_2013.619178	2013-08-14	WNV_22SP1EzWAS008_Ct_UT_08.14.13_2013.619178	Hepp	SWMAC	UT
WNV	WNV_23116zWAS008_Ct_UT_08.21.13_2013.638356	2013-08-21	WNV_23116zWAS008_Ct_UT_08.21.13_2013.638356	Hepp	SWMAC	UT
WNV	WNV_2314zSCL002_Ct_UT_08.19.13_2013.632877	2013-08-20	WNV_2314zSCL002_Ct_UT_08.19.13_2013.632877	Hepp	SWMAC	UT
WNV	WNV_23SP5AzWAS002_Ct_UT_08.20.13_2013.635616	2013-08-20	WNV_23SP5AzWAS002_Ct_UT_08.20.13_2013.635616	Hepp	SWMAC	UT
WNV	WNV_2410zSGE009_Ct_UT_08.27.13_2013.654795	2013-08-28	WNV_2410zSGE009_Ct_UT_08.27.13_2013.654795	Hepp	SWMAC	UT
WNV	WNV_2412zWAS002_Ct_UT_08.27.13_2013.654795	2013-08-28	WNV_2412zWAS002_Ct_UT_08.27.13_2013.654795	Hepp	SWMAC	UT
WNV	WNV_243zSCL004_Ct_UT_08.26.13_2013.652055	2013-08-27	WNV_243zSCL004_Ct_UT_08.26.13_2013.652055	Hepp	SWMAC	UT
WNV	WNV_249zSGE012_Ct_UT_08.27.13_2013.654795	2013-08-28	WNV_249zSGE012_Ct_UT_08.27.13_2013.654795	Hepp	SWMAC	UT
WNV	WNV_24SP2AzSCL001_Ct_UT_08.26.13_2013.652055	2013-08-27	WNV_24SP2AzSCL001_Ct_UT_08.26.13_2013.652055	Hepp	SWMAC	UT
WNV	WNV_2616_Ct_CA_06.20.17_2017.468493	2017-06-20	WNV_2616_Ct_CA_06.20.17_2017.468493	Hepp	COAV	CA
WNV	WNV_26SP3AzIVI002_Ct_UT_10.21.14_2014.805479	2014-10-21	WNV_26SP3AzIVI002_Ct_UT_10.21.14_2014.805479	Hepp	SWMAC	UT
WNV	WNV_2786_Ct_CA_07.07.17_2017.515068	2017-07-07	WNV_2786_Ct_CA_07.07.17_2017.515068	Hepp	COAV	CA
WNV	WNV_2919_Ct_CA_07.18.17_2017.545205	2017-07-18	WNV_2919_Ct_CA_07.18.17_2017.545205	Hepp	COAV	CA
WNV	WNV_29SP3EzSGE008_Ct_UT_10.01.13_2013.750685	2013-10-02	WNV_29SP3EzSGE008_Ct_UT_10.01.13_2013.750685	Hepp	SWMAC	UT
WNV	WNV_29SP4AzSGE009_Ct_UT_10.01.13_2013.750685	2013-10-02	WNV_29SP4AzSGE009_Ct_UT_10.01.13_2013.750685	Hepp	SWMAC	UT
WNV	WNV_2bF5_Ct_AZ_08.14.17_2017.619178	2017-08-14	WNV_2bF5_Ct_AZ_08.14.17_2017.619178	Hepp	YUMA	AZ
WNV	WNV_2cH8_Ct_AZ_08.28.17_2017.657534	2017-08-28	WNV_2cH8_Ct_AZ_08.28.17_2017.657534	Hepp	YUMA	AZ
WNV	WNV_3_1069023_Ct_MT_08.30.16_2016.663934	2016-08-30	WNV_3_1069023_Ct_MT_08.30.16_2016.663934	Hepp	MTDOH	MT
WNV	WNV_3_1107139_Ct_MT_08.31.18_2018.665753	2018-08-31	WNV_3_1107139_Ct_MT_08.31.18_2018.665753	Hepp	MTDOH	MT
WNV	WNV_3168_Ct_CA_08.08.17_2017.60274	2017-08-09	WNV_3168_Ct_CA_08.08.17_2017.60274	Hepp	COAV	CA
WNV	WNV_3285_1107027_Ct_MT_08.21.18_2018.638356	2018-08-21	WNV_3285_1107027_Ct_MT_08.21.18_2018.638356	Hepp	MTDOH	MT
WNV	WNV_3288_1107030_Ct_MT_08.12.18_2018.613699	2018-08-13	WNV_3288_1107030_Ct_MT_08.12.18_2018.613699	Hepp	MTDOH	MT
WNV	WNV_3315_Ct_CA_08.22.17_2017.641096	2017-08-23	WNV_3315_Ct_CA_08.22.17_2017.641096	Hepp	COAV	CA
WNV	WNV_3409_Ct_CA_08.29.17_2017.660274	2017-08-30	WNV_3409_Ct_CA_08.29.17_2017.660274	Hepp	COAV	CA
WNV	WNV_3507_Ct_CA_09.06.17_2017.682192	2017-09-07	WNV_3507_Ct_CA_09.06.17_2017.682192	Hepp	COAV	CA
WNV	WNV_3510_Ct_CA_09.06.17_2017.682192	2017-09-07	WNV_3510_Ct_CA_09.06.17_2017.682192	Hepp	COAV	CA
WNV	WNV_3aG5_Ct_AZ_08.14.17_2017.619178	2017-08-14	WNV_3aG5_Ct_AZ_08.14.17_2017.619178	Hepp	YUMA	AZ
WNV	WNV_6cF10_Ct_AZ_08.28.17_2017.657534	2017-08-28	WNV_6cF10_Ct_AZ_08.28.17_2017.657534	Hepp	YUMA	AZ
WNV	WNV_7cB7_Ct_AZ_08.14.17_2017.619178	2017-08-14	WNV_7cB7_Ct_AZ_08.14.17_2017.619178	Hepp	YUMA	AZ
WNV	WNV_7cD10_Ct_AZ_08.28.17_2017.657534	2017-08-28	WNV_7cD10_Ct_AZ_08.28.17_2017.657534	Hepp	YUMA	AZ
WNV	WNV_808T_P1_Cp_WA_08.02.18_2018.586301	2018-08-02	WNV_808T_P1_Cp_WA_08.02.18_2018.586301	Hepp	WADOH	WA
WNV	WNV_814G_P10_Ct_WA_08.14.18_2018.619178	2018-08-14	WNV_814G_P10_Ct_WA_08.14.18_2018.619178	Hepp	WADOH	WA
WNV	WNV_814G_P8_Cp_WA_08.14.18_2018.619178	2018-08-14	WNV_814G_P8_Cp_WA_08.14.18_2018.619178	Hepp	WADOH	WA
WNV	WNV_815T_P1_Cp_WA_08.15.18_2018.621918	2018-08-16	WNV_815T_P1_Cp_WA_08.15.18_2018.621918	Hepp	WADOH	WA
WNV	WNV_AmpSeqMERGED_Ct_AZ_06.09.15_2015.438356	2015-06-09	WNV_AmpSeqMERGED_Ct_AZ_06.09.15_2015.438356	Hepp	MARICOPA	AZ
WNV	WNV_AmpSeqMERGED_Cq_AZ_06.26.14_2014.484932	2014-06-27	WNV_AmpSeqMERGED_Cq_AZ_06.26.14_2014.484932	Hepp	MARICOPA	AZ
WNV	WNV_AmpSeqMERGED_Ct_AZ_10.20.16_2016.803279	2016-10-21	WNV_AmpSeqMERGED_Ct_AZ_10.20.16_2016.803279	Hepp	MARICOPA	AZ
WNV	WNV_AmpSeqMERGED_Ct_AZ_05.11.16_2016.360656	2016-05-12	WNV_AmpSeqMERGED_Ct_AZ_05.11.16_2016.360656	Hepp	MARICOPA	AZ
WNV	WNV_AmpSeqMERGED_Cq_AZ_08.05.15_2015.594521	2015-08-06	WNV_AmpSeqMERGED_Cq_AZ_08.05.15_2015.594521	Hepp	MARICOPA	AZ
WNV	WNV_AmpSeqMERGED_Cq_AZ_06.03.14_2014.421918	2014-06-04	WNV_AmpSeqMERGED_Cq_AZ_06.03.14_2014.421918	Hepp	MARICOPA	AZ
WNV	WNV_AmpSeqMERGED_Cq_AZ_06.28.16_2016.491803	2016-06-28	WNV_AmpSeqMERGED_Cq_AZ_06.28.16_2016.491803	Hepp	MARICOPA	AZ
WNV	WNV_AmpSeqMERGED_Ct_AZ_07.22.14_2014.556164	2014-07-22	WNV_AmpSeqMERGED_Ct_AZ_07.22.14_2014.556164	Hepp	MARICOPA	AZ
WNV	WNV_AmpSeqMERGED_Cq_AZ_08.25.16_2016.650273	2016-08-25	WNV_AmpSeqMERGED_Cq_AZ_08.25.16_2016.650273	Hepp	MARICOPA	AZ
WNV	WNV_AmpSeqMERGED_Cq_AZ_08.28.14_2014.657534	2014-08-28	WNV_AmpSeqMERGED_Cq_AZ_08.28.14_2014.657534	Hepp	MARICOPA	AZ
WNV	WNV_AmpSeqMERGED_Cq_AZ_10.07.15_2015.767123	2015-10-07	WNV_AmpSeqMERGED_Cq_AZ_10.07.15_2015.767123	Hepp	MARICOPA	AZ
WNV	WNV_AmpSeqMERGED_Cq_AZ_06.10.14_2014.441096	2014-06-11	WNV_AmpSeqMERGED_Cq_AZ_06.10.14_2014.441096	Hepp	MARICOPA	AZ
WNV	WNV_AmpSeqMERGED_Cq_AZ_05.12.15_2015.361644	2015-05-13	WNV_AmpSeqMERGED_Cq_AZ_05.12.15_2015.361644	Hepp	MARICOPA	AZ
WNV	WNV_CC1416051_64_Cq_AZ_07.29.14_2014.575342	2014-07-29	WNV_CC1416051_64_Cq_AZ_07.29.14_2014.575342	Hepp	MARICOPA	AZ
WNV	WNV_CC1417436_17_Cq_AZ_08.14.14_2014.619178	2014-08-14	WNV_CC1417436_17_Cq_AZ_08.14.14_2014.619178	Hepp	MARICOPA	AZ
WNV	WNV_CC1617128_0_Cq_AZ_09.22.16_2016.726776	2016-09-23	WNV_CC1617128_0_Cq_AZ_09.22.16_2016.726776	Hepp	MARICOPA	AZ
WNV	WNV_CC1909932_R794_A8_Cq_AZ_05.21.19_2019.389445	2019-05-23	WNV_CC1909932_R794_A8_Cq_AZ_05.21.19_2019.389445	Hepp	MARICOPA	AZ
WNV	WNV_CheshireDam_Tube_Ct_08272019_2019.655031	2019-08-28	WNV_CheshireDam_Tube_Ct_08272019_2019.655031	Hepp	COCONINO	AZ
WNV	WNV_LakeMaryPond_Tube_Ct_08202019_2019.635866	2019-08-21	WNV_LakeMaryPond_Tube_Ct_08202019_2019.635866	Hepp	COCONINO	AZ
WNV	WNV_RT_1689055D4_Ct_AZ_06.15.18_2018.454795	2018-06-16	WNV_RT_1689055D4_Ct_AZ_06.15.18_2018.454795	Hepp	MARICOPA	AZ
WNV	WNV_90_Cq_AZ_07.18.14_2014.545205	2014-07-18	WNV_90_Cq_AZ_07.18.14_2014.545205	Hepp	MARICOPA	AZ
WNV	WNV_35_Cq_AZ_06.03.14_2014.421918	2014-06-04	WNV_35_Cq_AZ_06.03.14_2014.421918	Hepp	MARICOPA	AZ
WNV	WNV_Q543_D6_Ct_AZ_04.18.19_2019.299094	2019-04-20	WNV_Q543_D6_Ct_AZ_04.18.19_2019.299094	Hepp	MARICOPA	AZ
WNV	WNV_56_Ct_AZ_09292015_2015.74538	2015-09-30	WNV_56_Ct_AZ_09292015_2015.74538	Hepp	UTAH	AZ
WNV	WNV_63_Cq_AZ_09292015_2015.74538	2015-09-30	WNV_63_Cq_AZ_09292015_2015.74538	Hepp	UTAH	AZ
WNV	WNV_MERGED_Cq_AZ_06.22.17_2017.473974	2017-06-23	WNV_MERGED_Cq_AZ_06.22.17_2017.473974	Hepp	MARICOPA	AZ
WNV	WNV_Z567_A1_Cq_AZ_05.09.19_2019.35659	2019-05-11	WNV_Z567_A1_Cq_AZ_05.09.19_2019.35659	Hepp	MARICOPA	AZ
WNV	WNV_73_Cq_AZ_07.23.14_2014.558904	2014-07-23	WNV_73_Cq_AZ_07.23.14_2014.558904	Hepp	MARICOPA	AZ
WNV	WNV_5B21_A7_Cq_AZ_06.04.19_2019.427776	2019-06-06	WNV_5B21_A7_Cq_AZ_06.04.19_2019.427776	Hepp	MARICOPA	AZ
WNV	WNV_10_Cq_AZ_07.09.14_2014.520548	2014-07-10	WNV_10_Cq_AZ_07.09.14_2014.520548	Hepp	MARICOPA	AZ
WNV	WNV_3B92_H10_Cq_AZ_06.04.19_2019.427776	2019-06-06	WNV_3B92_H10_Cq_AZ_06.04.19_2019.427776	Hepp	MARICOPA	AZ
WNV	WNV_V008_B9_Cq_AZ_03.27.19_2019.23886	2019-03-29	WNV_V008_B9_Cq_AZ_03.27.19_2019.23886	Hepp	MARICOPA	AZ
WNV	WNV_9A07_C2_Cq_AZ_05.17.19_2019.378494	2019-05-19	WNV_9A07_C2_Cq_AZ_05.17.19_2019.378494	Hepp	MARICOPA	AZ
WNV	WNV_F10_Ct_AZ_09.07.17_2017.684932	2014-10-15	WNV_F10_Ct_AZ_09.07.17_2017.684932	Hepp	MARICOPA	AZ
WNV	WNV_11_Cq_AZ_09292015_2015.74538	2015-09-30	WNV_11_Cq_AZ_09292015_2015.74538	Hepp	MARICOPA	AZ
WNV	WNV_488D11_Ct_AZ_07.26.18_2018.567123	2018-07-26	WNV_488D11_Ct_AZ_07.26.18_2018.567123	Hepp	MARICOPA	AZ
WNV	WNV_149G4_Ct_AZ_06.22.18_2018.473973	2018-06-23	WNV_149G4_Ct_AZ_06.22.18_2018.473973	Hepp	MARICOPA	AZ
WNV	WNV_050B3_Ct_AZ_06.15.18_2018.454795	2018-06-16	WNV_050B3_Ct_AZ_06.15.18_2018.454795	Hepp	MARICOPA	AZ
WNV	WNV_48_Cq_AZ_06102015_2015.441478	2015-06-11	WNV_48_Cq_AZ_06102015_2015.441478	Hepp	MARICOPA	AZ
WNV	WNV_74_Cq_AZ_07.23.14_2014.558904	2014-07-23	WNV_74_Cq_AZ_07.23.14_2014.558904	Hepp	MARICOPA	AZ
WNV	WNV_MERGED_Cq_AZ_06.08.17_2017.435616	2017-06-08	WNV_MERGED_Cq_AZ_06.08.17_2017.435616	Hepp	MARICOPA	AZ
WNV	WNV_4_Cq_AZ_11.21.14_2014.890411	2014-11-22	WNV_4_Cq_AZ_11.21.14_2014.890411	Hepp	MARICOPA	AZ
WNV	WNV_78_Cq_AZ_10142015_2015.786448	2015-10-15	WNV_78_Cq_AZ_10142015_2015.786448	Hepp	MARICOPA	AZ
WNV	WNV_7B06_B12_Cq_AZ_06.04.19_2019.427776	2019-06-06	WNV_7B06_B12_Cq_AZ_06.04.19_2019.427776	Hepp	MARICOPA	AZ
WNV	WNV_13_Cq_AZ_10.07.16_2016.76776	2016-10-08	WNV_13_Cq_AZ_10.07.16_2016.76776	Hepp	MARICOPA	AZ
WNV	WNV_66H6_Cq_AZ_07.10.18_2018.523288	2018-07-11	WNV_66H6_Cq_AZ_07.10.18_2018.523288	Hepp	MARICOPA	AZ
WNV	WNV_10_Cq_AZ_07232015_2015.559206	2015-07-24	WNV_10_Cq_AZ_07232015_2015.559206	Hepp	MARICOPA	AZ
WNV	WNV_11_Cq_AZ_07182015_2015.545517	2015-07-19	WNV_11_Cq_AZ_07182015_2015.545517	Hepp	MARICOPA	AZ
WNV	WNV_27_Cq_AZ_07282015_2015.572895	2015-07-29	WNV_27_Cq_AZ_07282015_2015.572895	Hepp	MARICOPA	AZ
WNV	WNV_MERGED_Cq_AZ_06.02.17_2017.419178	2017-06-02	WNV_MERGED_Cq_AZ_06.02.17_2017.419178	Hepp	MARICOPA	AZ
WNV	WNV_MERGED_Cq_AZ_06.01.17_2017.416437	2017-06-01	WNV_MERGED_Cq_AZ_06.01.17_2017.416437	Hepp	MARICOPA	AZ
WNV	WNV_30_Cq_AZ_07.02.14_2014.50137	2014-07-03	WNV_30_Cq_AZ_07.02.14_2014.50137	Hepp	MARICOPA	AZ
WNV	WNV_79_Ct_AZ_07.23.14_2014.558904	2014-07-23	WNV_79_Ct_AZ_07.23.14_2014.558904	Hepp	MARICOPA	AZ
WNV	WNV_MERGED_Cq_AZ_06.20.17_2017.468493	2017-06-20	WNV_MERGED_Cq_AZ_06.20.17_2017.468493	Hepp	MARICOPA	AZ
WNV	WNV_88_Cq_AZ_07.18.14_2014.558904	2014-07-23	WNV_88_Cq_AZ_07.18.14_2014.558904	Hepp	MARICOPA	AZ
WNV	WNV_0_Ct_AZ_09.09.16_2016.691257	2016-09-10	WNV_0_Ct_AZ_09.09.16_2016.691257	Hepp	MARICOPA	AZ
WNV	WNV_Q244_G4_Cq_AZ_04.11.19_2019.279929	2019-04-13	WNV_Q244_G4_Cq_AZ_04.11.19_2019.279929	Hepp	MARICOPA	AZ
WNV	WNV_Q267_F9_Cq_AZ_04.11.19_2019.279929	2019-04-13	WNV_Q267_F9_Cq_AZ_04.11.19_2019.279929	Hepp	MARICOPA	AZ
WNV	WNV_MERGED_Ct_AZ_05.26.17_2017.4	2017-05-27	WNV_MERGED_Ct_AZ_05.26.17_2017.4	Hepp	MARICOPA	AZ
WNV	WNV_MERGED_Ct_AZ_05.26.17_2017.4(2)	2017-05-27	WNV_MERGED_Ct_AZ_05.26.17_2017.4(2)	Hepp	MARICOPA	AZ
WNV	WNV_26_Cq_AZ_08.20.14_2018.39726	2018-05-25	WNV_26_Cq_AZ_08.20.14_2018.39726	Hepp	MARICOPA	AZ
WNV	WNV_33_Ct_AZ_07282015_2015.572895	2015-07-29	WNV_33_Ct_AZ_07282015_2015.572895	Hepp	MARICOPA	AZ
WNV	WNV_Q225_F1_Cq_AZ_04.11.19_2019.279929	2019-04-13	WNV_Q225_F1_Cq_AZ_04.11.19_2019.279929	Hepp	MARICOPA	AZ
WNV	WNV_X549_F11_Ct_AZ_05.03.19_2019.340163	2019-05-05	WNV_X549_F11_Ct_AZ_05.03.19_2019.340163	Hepp	MARICOPA	AZ
WNV	WNV_MERGED_Ct_AZ_06.20.17_2017.468493	2017-06-20	WNV_MERGED_Ct_AZ_06.20.17_2017.468493	Hepp	MARICOPA	AZ
WNV	WNV_Q441_F6_Ct_AZ_04.23.19_2019.312784	2019-04-25	WNV_Q441_F6_Ct_AZ_04.23.19_2019.312784	Hepp	MARICOPA	AZ
WNV	WNV_3B93_B9_Ct_AZ_06.04.19_2019.427776	2019-06-06	WNV_3B93_B9_Ct_AZ_06.04.19_2019.427776	Hepp	MARICOPA	AZ
WNV	WNV_61_Cq_AZ_05122015_2015.362081	2015-05-13	WNV_61_Cq_AZ_05122015_2015.362081	Hepp	MARICOPA	AZ
WNV	WNV_Q226_C10_Cq_AZ_04.11.19_2019.279929	2019-04-13	WNV_Q226_C10_Cq_AZ_04.11.19_2019.279929	Hepp	MARICOPA	AZ
WNV	WNV_Q255_B3_Cq_AZ_04.11.19_2019.279929	2019-04-13	WNV_Q255_B3_Cq_AZ_04.11.19_2019.279929	Hepp	MARICOPA	AZ
WNV	WNV_Q268_G9_Cq_AZ_04.11.19_2019.279929	2019-04-13	WNV_Q268_G9_Cq_AZ_04.11.19_2019.279929	Hepp	MARICOPA	AZ
WNV	WNV_MERGED_Ct_AZ_06.16.17_2017.457534	2017-06-16	WNV_MERGED_Ct_AZ_06.16.17_2017.457534	Hepp	MARICOPA	AZ
WNV	WNV_50_Cq_AZ_06092015_2015.438741	2015-06-10	WNV_50_Cq_AZ_06092015_2015.438741	Hepp	MARICOPA	AZ
WNV	WNV_MERGED_Cq_AZ_06.15.17_2017.454795	2017-06-16	WNV_MERGED_Cq_AZ_06.15.17_2017.454795	Hepp	MARICOPA	AZ
WNV	WNV_E9_Ct_AZ_09.19.17_2017.717808	2017-09-19	WNV_E9_Ct_AZ_09.19.17_2017.717808	Hepp	MARICOPA	AZ
WNV	WNV_Z043_D4_Ct_AZ_05.17.19_2019.378494	2019-05-19	WNV_Z043_D4_Ct_AZ_05.17.19_2019.378494	Hepp	MARICOPA	AZ
WNV	WNV_Z132_H4_Ct_AZ_05.17.19_2019.378494	2019-05-19	WNV_Z132_H4_Ct_AZ_05.17.19_2019.378494	Hepp	MARICOPA	AZ
WNV	WNV_X696_F1_Ct_AZ_05.14.19_2019.37028	2019-05-16	WNV_X696_F1_Ct_AZ_05.14.19_2019.37028	Hepp	MARICOPA	AZ
WNV	WNV_0_Cq_AZ_07.23.14_2014.558904	2014-07-23	WNV_0_Cq_AZ_07.23.14_2014.558904	Hepp	MARICOPA	AZ
WNV	WNV_63_Cq_AZ_05122015_2015.362081	2015-05-13	WNV_63_Cq_AZ_05122015_2015.362081	Hepp	MARICOPA	AZ
WNV	WNV_2A29_G10_Cq_AZ_05.09.19_2019.35659	2019-05-11	WNV_2A29_G10_Cq_AZ_05.09.19_2019.35659	Hepp	MARICOPA	AZ
WNV	WNV_817F8_Cq_AZ_06.27.18_2018.487671	2018-06-27	WNV_817F8_Cq_AZ_06.27.18_2018.487671	Hepp	MARICOPA	AZ
WNV	WNV_MERGED_Ct_AZ_06.01.17_2017.416438	2017-06-01	WNV_MERGED_Ct_AZ_06.01.17_2017.416438	Hepp	MARICOPA	AZ
WNV	WNV_3_Ct_AZ_07.16.14_2014.539726	2014-07-16	WNV_3_Ct_AZ_07.16.14_2014.539726	Hepp	MARICOPA	AZ
WNV	WNV_9_Cq_AZ_06.18.14_2014.463014	2014-06-19	WNV_9_Cq_AZ_06.18.14_2014.463014	Hepp	MARICOPA	AZ
WNV	WNV_0_Ct_AZ_10.11.16_2016.778689	2016-10-12	WNV_0_Ct_AZ_10.11.16_2016.778689	Hepp	MARICOPA	AZ
WNV	WNV_7_Ct_AZ_06.18.14_2014.463014	2014-06-19	WNV_7_Ct_AZ_06.18.14_2014.463014	Hepp	MARICOPA	AZ
WNV	WNV_75_Cq_AZ_07.23.14_2014.558904	2014-07-23	WNV_75_Cq_AZ_07.23.14_2014.558904	Hepp	MARICOPA	AZ
WNV	WNV_13_Cq_AZ_07.09.14_2014.520548	2014-07-10	WNV_13_Cq_AZ_07.09.14_2014.520548	Hepp	MARICOPA	AZ
WNV	WNV_43_Ct_AZ_06112015_2015.444216	2015-06-12	WNV_43_Ct_AZ_06112015_2015.444216	Hepp	MARICOPA	AZ
WNV	WNV_6A43_A6_Ct_AZ_05.16.19_2019.375756	2019-05-18	WNV_6A43_A6_Ct_AZ_05.16.19_2019.375756	Hepp	MARICOPA	AZ
WNV	WNV_D10_Ct_AZ_09.27.17_2017.739726	2017-09-27	WNV_D10_Ct_AZ_09.27.17_2017.739726	Hepp	MARICOPA	AZ
WNV	WNV_12_Cq_AZ_10.02.14_2014.753425	2014-10-03	WNV_12_Cq_AZ_10.02.14_2014.753425	Hepp	MARICOPA	AZ
WNV	WNV_57_Cq_AZ_08.28.14_2014.657534	2014-08-28	WNV_57_Cq_AZ_08.28.14_2014.657534	Hepp	MARICOPA	AZ
WNV	WNV_AMERGED_Cq_AZ_06.02.17_2017.419178	2017-06-02	WNV_AMERGED_Cq_AZ_06.02.17_2017.419178	Hepp	MARICOPA	AZ
WNV	WNV_BMERGED_Cq_AZ_06.02.17_2017.419178	2017-06-02	WNV_BMERGED_Cq_AZ_06.02.17_2017.419178	Hepp	MARICOPA	AZ
WNV	WNV_CMERGED_Cq_AZ_06.09.17_2017.438356	2017-06-09	WNV_CMERGED_Cq_AZ_06.09.17_2017.438356	Hepp	MARICOPA	AZ
WNV	WNV_65_Cq_AZ_05072015_2015.348392	2015-05-08	WNV_65_Cq_AZ_05072015_2015.348392	Hepp	MARICOPA	AZ
WNV	WNV_MERGED_Cq_AZ_06.22.17_2017.473973	2017-06-23	WNV_MERGED_Cq_AZ_06.22.17_2017.473973	Hepp	MARICOPA	AZ
WNV	WNV_56_Cq_AZ_05282015_2015.405886	2015-05-29	WNV_56_Cq_AZ_05282015_2015.405886	Hepp	MARICOPA	AZ
WNV	WNV_MERGED_Ct_AZ_06.15.17_2017.454795	2017-06-16	WNV_MERGED_Ct_AZ_06.15.17_2017.454795	Hepp	MARICOPA	AZ
WNV	WNV_87_Ct_AZ_07.25.14_2014.564384	2014-07-26	WNV_87_Ct_AZ_07.25.14_2014.564384	Hepp	MARICOPA	AZ
WNV	WNV_92_Ct_AZ_07.18.14_2014.545205	2014-07-18	WNV_92_Ct_AZ_07.18.14_2014.545205	Hepp	MARICOPA	AZ
WNV	WNV_254B4_Ct_AZ_07.26.18_2018.567123	2018-07-26	WNV_254B4_Ct_AZ_07.26.18_2018.567123	Hepp	MARICOPA	AZ
WNV	WNV_MERGED_Cq_AZ_06.01.17_2017.416438	2017-06-01	WNV_MERGED_Cq_AZ_06.01.17_2017.416438	Hepp	MARICOPA	AZ
WNV	WNV_F8_Ct_AZ_10.06.17_2017.764384	2017-10-07	WNV_F8_Ct_AZ_10.06.17_2017.764384	Hepp	MARICOPA	AZ
WNV	WNV_4A73_B8_Cq_AZ_06.04.19_2019.427776	2019-06-06	WNV_4A73_B8_Cq_AZ_06.04.19_2019.427776	Hepp	MARICOPA	AZ
WNV	WNV_5B12_G3_Cq_AZ_06.04.19_2019.427776	2019-06-06	WNV_5B12_G3_Cq_AZ_06.04.19_2019.427776	Hepp	MARICOPA	AZ
WNV	WNV_Z510_A6_Ct_AZ_05.17.19_2019.378494	2019-05-19	WNV_Z510_A6_Ct_AZ_05.17.19_2019.378494	Hepp	MARICOPA	AZ
WNV	WNV_19_Cq_AZ_06.25.14_2014.482192	2014-06-26	WNV_19_Cq_AZ_06.25.14_2014.482192	Hepp	MARICOPA	AZ
WNV	WNV_MERGED_Cq_AZ_06.21.17_2017.471233	2017-06-22	WNV_MERGED_Cq_AZ_06.21.17_2017.471233	Hepp	MARICOPA	AZ
WNV	WNV_22_Cq_AZ_07.22.14_2014.556164	2014-07-22	WNV_22_Cq_AZ_07.22.14_2014.556164	Hepp	MARICOPA	AZ
WNV	WNV_MERGED_Cq_AZ_05.31.17_2017.413698	2017-06-01	WNV_MERGED_Cq_AZ_05.31.17_2017.413698	Hepp	MARICOPA	AZ
WNV	WNV_MERGED_Cq_AZ_06.21.17_2017.471234	2017-06-22	WNV_MERGED_Cq_AZ_06.21.17_2017.471234	Hepp	MARICOPA	AZ
WNV	WNV_85_Ct_AZ_10.08.14_2014.769863	2014-10-08	WNV_85_Ct_AZ_10.08.14_2014.769863	Hepp	MARICOPA	AZ
WNV	WNV_2_Cq_AZ_06102015_2015.441478	2015-06-11	WNV_2_Cq_AZ_06102015_2015.441478	Hepp	MARICOPA	AZ
WNV	WNV_Q809_H3_Cq_AZ_06.04.19_2019.427776	2019-06-06	WNV_Q809_H3_Cq_AZ_06.04.19_2019.427776	Hepp	MARICOPA	AZ
WNV	WNV_45_Ct_AZ_10142015_2015.786448	2015-10-15	WNV_45_Ct_AZ_10142015_2015.786448	Hepp	MARICOPA	AZ
WNV	WNV_Z164_F8_Ct_AZ_05.17.19_2019.378494	2019-05-19	WNV_Z164_F8_Ct_AZ_05.17.19_2019.378494	Hepp	MARICOPA	AZ
WNV	WNV_cq_AZ_10.13.16_2016.784153	2016-10-13	WNV_cq_AZ_10.13.16_2016.784153	Hepp	MARICOPA	AZ
WNV	WNV_X775_A8_Ct_AZ_05.15.19_2019.373018	2019-05-17	WNV_X775_A8_Ct_AZ_05.15.19_2019.373018	Hepp	MARICOPA	AZ
WNV	WNV_MERGED_Cq_AZ_05.26.17_2017.4	2017-05-27	WNV_MERGED_Cq_AZ_05.26.17_2017.4	Hepp	MARICOPA	AZ
WNV	WNV_45_Cq_AZ_06112015_2015.444216	2015-06-12	WNV_45_Cq_AZ_06112015_2015.444216	Hepp	MARICOPA	AZ
WNV	WNV_7894_C2_Cq_AZ_05.21.19_2019.389445	2019-05-23	WNV_7894_C2_Cq_AZ_05.21.19_2019.389445	Hepp	MARICOPA	AZ
WNV	WNV_52_Cq_AZ_07162015_2015.540041	2015-07-17	WNV_52_Cq_AZ_07162015_2015.540041	Hepp	MARICOPA	AZ
WNV	WNV_58_Cq_AZ_05212015_2015.386721	2015-05-22	WNV_58_Cq_AZ_05212015_2015.386721	Hepp	MARICOPA	AZ
WNV	WNV_60_Cq_AZ_05142015_2015.367556	2015-05-15	WNV_60_Cq_AZ_05142015_2015.367556	Hepp	MARICOPA	AZ
WNV	WNV_D10_Cq_AZ_09.13.17_2017.70137	2017-09-14	WNV_D10_Cq_AZ_09.13.17_2017.70137	Hepp	MARICOPA	AZ
WNV	WNV_MERGED_Cq_AZ_06.01.17_2017.416439	2017-06-01	WNV_MERGED_Cq_AZ_06.01.17_2017.416439	Hepp	MARICOPA	AZ
WNV	WNV_54_Cq_AZ_08.28.14_2014.657534	2014-08-28	WNV_54_Cq_AZ_08.28.14_2014.657534	Hepp	MARICOPA	AZ
WNV	WNV_X947_C10_Cq_AZ_05.17.19_2019.378494	2019-05-19	WNV_X947_C10_Cq_AZ_05.17.19_2019.378494	Hepp	MARICOPA	AZ
WNV	WNV_19_Cq_AZ_08062015_2015.597536	2015-08-07	WNV_19_Cq_AZ_08062015_2015.597536	Hepp	MARICOPA	AZ
WNV	WNV_B10_Ct_AZ_09.15.17_2017.706849	2017-09-15	WNV_B10_Ct_AZ_09.15.17_2017.706849	Hepp	MARICOPA	AZ
WNV	WNV_41_Cq_AZ_07142015_2015.534565	2015-07-15	WNV_41_Cq_AZ_07142015_2015.534565	Hepp	MARICOPA	AZ
WNV	WNV_446F8_Cq_AZ_07.27.18_2018.569863	2018-07-27	WNV_446F8_Cq_AZ_07.27.18_2018.569863	Hepp	MARICOPA	AZ
WNV	WNV_24_Cq_AZ_08.20.14_2014.635616	2014-08-20	WNV_24_Cq_AZ_08.20.14_2014.635616	Hepp	MARICOPA	AZ
WNV	WNV_177C1_Cq_07.05.18_2018.509589	2018-07-05	WNV_177C1_Cq_07.05.18_2018.509589	Hepp	MARICOPA	AZ
WNV	WNV_41_Cq_AZ_09302015_2015.748118	2015-10-01	WNV_41_Cq_AZ_09302015_2015.748118	Hepp	MARICOPA	AZ
WNV	WNV_0_Cq_AZ_09.07.16_2016.685792	2016-09-07	WNV_0_Cq_AZ_09.07.16_2016.685792	Hepp	MARICOPA	AZ
WNV	WNV_16_Cq_AZ_06.04.14_2014.424658	2014-06-05	WNV_16_Cq_AZ_06.04.14_2014.424658	Hepp	MARICOPA	AZ
WNV	WNV_89_Cq_AZ_09.24.14_2014.731507	2014-09-25	WNV_89_Cq_AZ_09.24.14_2014.731507	Hepp	MARICOPA	AZ
WNV	WNV_34_Ct_AZ_06.03.14_2014.421918	2014-06-04	WNV_34_Ct_AZ_06.03.14_2014.421918	Hepp	MARICOPA	AZ
WNV	WNV_17_Cq_AZ_06.24.14_2014.479452	2014-06-24	WNV_17_Cq_AZ_06.24.14_2014.479452	Hepp	MARICOPA	AZ
WNV	WNV_7B24_B10_Cq_AZ_06.04.19_2019.427776	2019-06-06	WNV_7B24_B10_Cq_AZ_06.04.19_2019.427776	Hepp	MARICOPA	AZ
WNV	WNV_Z023_E3_Cq_AZ_05.17.19_2019.378494	2019-05-19	WNV_Z023_E3_Cq_AZ_05.17.19_2019.378494	Hepp	MARICOPA	AZ
WNV	WNV_9A71_B10_Cq_AZ_05.17.19_2019.378494	2019-05-19	WNV_9A71_B10_Cq_AZ_05.17.19_2019.378494	Hepp	MARICOPA	AZ
WNV	WNV_0_Cq_AZ_07.29.14_2014.575342	2014-07-29	WNV_0_Cq_AZ_07.29.14_2014.575342	Hepp	MARICOPA	AZ
WNV	WNV_335A12_Ct_AZ_07.25.18_2018.564384	2018-07-26	WNV_335A12_Ct_AZ_07.25.18_2018.564384	Hepp	MARICOPA	AZ
WNV	WNV_38_Cq_AZ_06.12.14_2014.446575	2014-06-12	WNV_38_Cq_AZ_06.12.14_2014.446575	Hepp	MARICOPA	AZ
WNV	WNV_B9_Cq_AZ_09.22.17_2017.726027	2017-09-22	WNV_B9_Cq_AZ_09.22.17_2017.726027	Hepp	MARICOPA	AZ
WNV	WNV_MERGED_Cq_AZ_04.26.17_2017.317808	2017-04-26	WNV_MERGED_Cq_AZ_04.26.17_2017.317808	Hepp	MARICOPA	AZ
WNV	WNV_7B16_A4_Ct_AZ_06.04.19_2019.427776	2019-06-06	WNV_7B16_A4_Ct_AZ_06.04.19_2019.427776	Hepp	MARICOPA	AZ
WNV	WNV_Q227_B5_Cq_AZ_04.11.19_2019.279929	2019-04-13	WNV_Q227_B5_Cq_AZ_04.11.19_2019.279929	Hepp	MARICOPA	AZ
WNV	WNV_Q227_B5_Ct_AZ_04.12.19_2019.282667	2019-04-14	WNV_Q227_B5_Ct_AZ_04.12.19_2019.282667	Hepp	MARICOPA	AZ
WNV	WNV_X711_G9_Ct_AZ_05.17.19_2019.378494	2019-05-19	WNV_X711_G9_Ct_AZ_05.17.19_2019.378494	Hepp	MARICOPA	AZ
WNV	WNV_MERGED_Ct_AZ_06.20.17_2017.468494	2017-06-20	WNV_MERGED_Ct_AZ_06.20.17_2017.468494	Hepp	MARICOPA	AZ
WNV	WNV_52_Cq_AZ_0632015_2015.422313	2015-06-04	WNV_52_Cq_AZ_0632015_2015.422313	Hepp	MARICOPA	AZ
WNV	WNV_9A48_G5_Cq_AZ_05.21.19_2019.389445	2019-05-23	WNV_9A48_G5_Cq_AZ_05.21.19_2019.389445	Hepp	MARICOPA	AZ
WNV	WNV_69_Cq_AZ_05212015_2015.386721	2015-05-22	WNV_69_Cq_AZ_05212015_2015.386721	Hepp	MARICOPA	AZ
WNV	WNV_51_Cq_AZ_08.28.14_2014.657534	2014-08-28	WNV_51_Cq_AZ_08.28.14_2014.657534	Hepp	MARICOPA	AZ
WNV	WNV_9A67_F4_Cq_AZ_05.17.19_2019.378494	2019-05-19	WNV_9A67_F4_Cq_AZ_05.17.19_2019.378494	Hepp	MARICOPA	AZ
WNV	WNV_7B96_F6_Cq_AZ_06.04.19_2019.427776	2019-06-06	WNV_7B96_F6_Cq_AZ_06.04.19_2019.427776	Hepp	MARICOPA	AZ
WNV	WNV_X750_E4_Cq_AZ_05.17.19_2019.378494	2019-05-19	WNV_X750_E4_Cq_AZ_05.17.19_2019.378494	Hepp	MARICOPA	AZ
WNV	WNV_9A52_B1_Cq_AZ_05.17.19_2019.378494	2019-05-19	WNV_9A52_B1_Cq_AZ_05.17.19_2019.378494	Hepp	MARICOPA	AZ
WNV	WNV_MERGED_Cq_AZ_06.14.17_2017.452055	2017-06-15	WNV_MERGED_Cq_AZ_06.14.17_2017.452055	Hepp	MARICOPA	AZ
WNV	WNV_A10_Ct_AZ_10.13.17_2017.783562	2017-10-14	WNV_A10_Ct_AZ_10.13.17_2017.783562	Hepp	MARICOPA	AZ
WNV	WNV_7_Cq_AZ_07252015_2015.564682	2015-07-26	WNV_7_Cq_AZ_07252015_2015.564682	Hepp	MARICOPA	AZ
WNV	WNV_MERGED_Cq_AZ_05.31.17_2017.413699	2017-06-01	WNV_MERGED_Cq_AZ_05.31.17_2017.413699	Hepp	MARICOPA	AZ
WNV	WNV_MERGED_Cq_AZ_06.21.17_2017.471235	2017-06-22	WNV_MERGED_Cq_AZ_06.21.17_2017.471235	Hepp	MARICOPA	AZ
WNV	WNV_X780_F7_Cq_AZ_05.14.19_2019.37028	2019-05-16	WNV_X780_F7_Cq_AZ_05.14.19_2019.37028	Hepp	MARICOPA	AZ
WNV	WNV_E10_Cq_AZ_09.13.17_2017.70137	2017-09-14	WNV_E10_Cq_AZ_09.13.17_2017.70137	Hepp	MARICOPA	AZ
WNV	WNV_78_Cq_AZ_07.23.14_2014.558904	2014-07-23	WNV_78_Cq_AZ_07.23.14_2014.558904	Hepp	MARICOPA	AZ
WNV	WNV_54_Cq_AZ_09092015_2015.690623	2015-09-10	WNV_54_Cq_AZ_09092015_2015.690623	Hepp	MARICOPA	AZ
WNV	WNV_A8_Ct_AZ_09.15.17_2017.706849	2017-09-15	WNV_A8_Ct_AZ_09.15.17_2017.706849	Hepp	MARICOPA	AZ
WNV	WNV_C8_Ct_AZ_10.05.17_2017.761644	2017-10-06	WNV_C8_Ct_AZ_10.05.17_2017.761644	Hepp	MARICOPA	AZ
WNV	WNV_17_Cq_AZ_10.27.16_2014.558904	2014-07-23	WNV_17_Cq_AZ_10.27.16_2014.558904	Hepp	MARICOPA	AZ
WNV	WNV_B5_Ct_AZ_06.15.17_2017.454795	2017-06-16	WNV_B5_Ct_AZ_06.15.17_2017.454795	Hepp	MARICOPA	AZ
WNV	WNV_MERGED_Cq_AZ_06.13.17_2017.449315	2017-06-13	WNV_MERGED_Cq_AZ_06.13.17_2017.449315	Hepp	MARICOPA	AZ
WNV	WNV_11_Cq_AZ_07.09.14_2014.520548	2014-07-10	WNV_11_Cq_AZ_07.09.14_2014.520548	Hepp	MARICOPA	AZ
WNV	WNV_9E29_A11_Cq_AZ_08072019_2019.600274	2019-08-08	WNV_9E29_A11_Cq_AZ_08072019_2019.600274	Hepp	MARICOPA	AZ
WNV	WNV_6A02_F9_Cq_AZ_06.04.19_2019.427776	2019-06-06	WNV_6A02_F9_Cq_AZ_06.04.19_2019.427776	Hepp	MARICOPA	AZ
WNV	WNV_53_Cq_AZ_05202015_2015.383984	2015-05-21	WNV_53_Cq_AZ_05202015_2015.383984	Hepp	MARICOPA	AZ
WNV	WNV_MERGED_Cq_AZ_06.23.17_2017.476712	2017-06-23	WNV_MERGED_Cq_AZ_06.23.17_2017.476712	Hepp	MARICOPA	AZ
WNV	WNV_8B20_F10_Cq_AZ_08072019_2019.600274	2019-08-08	WNV_8B20_F10_Cq_AZ_08072019_2019.600274	Hepp	MARICOPA	AZ
WNV	WNV_53_Cq_AZ_05292015_2015.408624	2015-05-30	WNV_53_Cq_AZ_05292015_2015.408624	Hepp	MARICOPA	AZ
WNV	WNV_64_Cq_AZ_07172015_2015.542779	2015-07-18	WNV_64_Cq_AZ_07172015_2015.542779	Hepp	MARICOPA	AZ
WNV	WNV_66_Cq_AZ_05012015_2015.331964	2015-05-02	WNV_66_Cq_AZ_05012015_2015.331964	Hepp	MARICOPA	AZ
WNV	WNV_86_Cq_AZ_07.24.14_2014.561644	2014-07-25	WNV_86_Cq_AZ_07.24.14_2014.561644	Hepp	MARICOPA	AZ
WNV	WNV_Q749_A1_Cq_AZ_06.04.19_2019.427776	2019-06-06	WNV_Q749_A1_Cq_AZ_06.04.19_2019.427776	Hepp	MARICOPA	AZ
WNV	WNV_MERGED_Cq_AZ_05.04.17_2017.339726	2017-05-04	WNV_MERGED_Cq_AZ_05.04.17_2017.339726	Hepp	MARICOPA	AZ
WNV	WNV_F9_Cq_AZ_09.15.17_2017.706849	2017-09-15	WNV_F9_Cq_AZ_09.15.17_2017.706849	Hepp	MARICOPA	AZ
WNV	WNV_A9_Cq_AZ_09.20.17_2017.720548	2017-09-21	WNV_A9_Cq_AZ_09.20.17_2017.720548	Hepp	MARICOPA	AZ
WNV	WNV_62_Cq_AZ_08182015_2015.63039	2015-08-19	WNV_62_Cq_AZ_08182015_2015.63039	Hepp	MARICOPA	AZ
WNV	WNV_17_Cq_AZ_06182015_2015.463381	2015-06-19	WNV_17_Cq_AZ_06182015_2015.463381	Hepp	MARICOPA	AZ
WNV	WNV_25_Cq_AZ_08182015_2015.63039	2015-08-19	WNV_25_Cq_AZ_08182015_2015.63039	Hepp	MARICOPA	AZ
WNV	WNV_B10_Cq_AZ_09.13.17_2017.70137	2017-09-14	WNV_B10_Cq_AZ_09.13.17_2017.70137	Hepp	MARICOPA	AZ
WNV	WNV_44_Cq_AZ_06112015_2015.444216	2015-06-12	WNV_44_Cq_AZ_06112015_2015.444216	Hepp	MARICOPA	AZ
WNV	WNV_H9_Ct_AZ_09.07.17_2017.684932	2017-09-08	WNV_H9_Ct_AZ_09.07.17_2017.684932	Hepp	MARICOPA	AZ
WNV	WNV_Cq_AZ_06172015_2015.460643	2015-06-18	WNV_Cq_AZ_06172015_2015.460643	Hepp	MARICOPA	AZ
WNV	WNV_X845_B12_Cq_AZ_05.15.19_2019.373018	2019-05-17	WNV_X845_B12_Cq_AZ_05.15.19_2019.373018	Hepp	MARICOPA	AZ
WNV	WNV_24_Ct_AZ_06172015_2015.460643	2015-06-18	WNV_24_Ct_AZ_06172015_2015.460643	Hepp	MARICOPA	AZ
WNV	WNV_26_Cq_AZ_06172015_2015.460643	2015-06-18	WNV_26_Cq_AZ_06172015_2015.460643	Hepp	MARICOPA	AZ
WNV	WNV_MERGED_Cq_AZ_06.21.17_2017.471236	2017-06-22	WNV_MERGED_Cq_AZ_06.21.17_2017.471236	Hepp	MARICOPA	AZ
WNV	WNV_68_Cq_AZ_04242015_2015.312799	2015-04-25	WNV_68_Cq_AZ_04242015_2015.312799	Hepp	MARICOPA	AZ
WNV	WNV_0_Ct_AZ_10.04.16_2016.759563	2016-10-05	WNV_0_Ct_AZ_10.04.16_2016.759563	Hepp	MARICOPA	AZ
WNV	WNV_MERGED_Cq_AZ_05.31.17_2017.4136990	2017-06-01	WNV_MERGED_Cq_AZ_05.31.17_2017.4136990	Hepp	MARICOPA	AZ
WNV	WNV_Q615_B3_Cq_AZ_04.16.19_2019.293618	2019-04-18	WNV_Q615_B3_Cq_AZ_04.16.19_2019.293618	Hepp	MARICOPA	AZ
WNV	WNV_X836_D4_Cq_AZ_05.21.19_2019.389445	2019-05-23	WNV_X836_D4_Cq_AZ_05.21.19_2019.389445	Hepp	MARICOPA	AZ
WNV	WNV_X689_B7_Ct_AZ_05.14.19_2019.37028	2019-05-16	WNV_X689_B7_Ct_AZ_05.14.19_2019.37028	Hepp	MARICOPA	AZ
WNV	WNV_15_Ct_AZ_07.08.14_2014.517808	2014-07-08	WNV_15_Ct_AZ_07.08.14_2014.517808	Hepp	MARICOPA	AZ
WNV	WNV_155B2_Cq_AZ_06.22.18_2018.473973	2018-06-23	WNV_155B2_Cq_AZ_06.22.18_2018.473973	Hepp	MARICOPA	AZ
WNV	WNV_AMERGED_Cq_AZ_05.05.17_2017.342466	2017-05-06	WNV_AMERGED_Cq_AZ_05.05.17_2017.342466	Hepp	MARICOPA	AZ
WNV	WNV_BMERGED_Cq_AZ_06.22.17_2017.473973	2017-06-23	WNV_BMERGED_Cq_AZ_06.22.17_2017.473973	Hepp	MARICOPA	AZ
WNV	WNV_MERGED_Cq_AZ_06.09.17_2017.438356	2017-06-09	WNV_MERGED_Cq_AZ_06.09.17_2017.438356	Hepp	MARICOPA	AZ
WNV	WNV_X484_C11_Cq_AZ_05.03.19_2019.340163	2019-05-05	WNV_X484_C11_Cq_AZ_05.03.19_2019.340163	Hepp	MARICOPA	AZ
WNV	WNV_D8_Cq_AZ_10.04.17_2017.758904	2017-10-04	WNV_D8_Cq_AZ_10.04.17_2017.758904	Hepp	MARICOPA	AZ
WNV	WNV_85_Cq_AZ_09292015_2015.74538	2015-09-30	WNV_85_Cq_AZ_09292015_2015.74538	Hepp	MARICOPA	AZ
WNV	WNV_5A90_E11_Cq_AZ_06.04.19_2019.427776	2019-06-06	WNV_5A90_E11_Cq_AZ_06.04.19_2019.427776	Hepp	MARICOPA	AZ
WNV	WNV_Z711_B6_Ct_AZ_05.09.19_2019.35659	2019-05-11	WNV_Z711_B6_Ct_AZ_05.09.19_2019.35659	Hepp	MARICOPA	AZ
WNV	WNV_8_Cq_AZ_09.02.16_2016.685792	2016-09-07	WNV_8_Cq_AZ_09.02.16_2016.685792	Hepp	MARICOPA	AZ
WNV	WNV_H7_Cq_AZ_09.26.17_2017.736986	2017-09-26	WNV_H7_Cq_AZ_09.26.17_2017.736986	Hepp	MARICOPA	AZ
WNV	WNV_Q832_C9_Cq_AZ_06.04.19_2019.427776	2019-06-06	WNV_Q832_C9_Cq_AZ_06.04.19_2019.427776	Hepp	MARICOPA	AZ
WNV	WNV_25_Cq_AZ_09292015_2015.74538	2015-09-30	WNV_25_Cq_AZ_09292015_2015.74538	Hepp	MARICOPA	AZ
WNV	WNV_074H1_Cq_AZ_06.22.18_2018.473973	2018-06-23	WNV_074H1_Cq_AZ_06.22.18_2018.473973	Hepp	MARICOPA	AZ
WNV	WNV_X844_B1_Cq_AZ_05.14.19_2019.37028	2019-05-16	WNV_X844_B1_Cq_AZ_05.14.19_2019.37028	Hepp	MARICOPA	AZ
WNV	WNV_R549_F11_Ct_AZ_04.12.19_2019.282667	2019-04-14	WNV_R549_F11_Ct_AZ_04.12.19_2019.282667	Hepp	MARICOPA	AZ
WNV	WNV_0_Cq_AZ_09.29.16_2016.745902	2016-09-30	WNV_0_Cq_AZ_09.29.16_2016.745902	Hepp	MARICOPA	AZ
WNV	WNV_Z014_D4_Cq_AZ_05.16.19_2019.375756	2019-05-18	WNV_Z014_D4_Cq_AZ_05.16.19_2019.375756	Hepp	MARICOPA	AZ
WNV	WNV_69_Cq_AZ_09.12.14_2014.69863	2014-09-12	WNV_69_Cq_AZ_09.12.14_2014.69863	Hepp	MARICOPA	AZ
WNV	WNV_E10_Ct_AZ_10.20.17_2017.80274	2017-10-21	WNV_E10_Ct_AZ_10.20.17_2017.80274	Hepp	MARICOPA	AZ
WNV	WNV_E8_Ct_AZ_09.01.17_2017.668493	2017-09-01	WNV_E8_Ct_AZ_09.01.17_2017.668493	Hepp	MARICOPA	AZ
WNV	WNV_X889_E11_Ct_AZ_05.09.19_2019.35659	2019-05-11	WNV_X889_E11_Ct_AZ_05.09.19_2019.35659	Hepp	MARICOPA	AZ
WNV	WNV_B8_Ct_AZ_10.25.17_2017.816438	2017-10-25	WNV_B8_Ct_AZ_10.25.17_2017.816438	Hepp	MARICOPA	AZ
WNV	WNV_1_Cq_AZ_06232015_2015.47707	2015-06-24	WNV_1_Cq_AZ_06232015_2015.47707	Hepp	MARICOPA	AZ
WNV	WNV_8_Cq_AZ_08042015_2015.59206	2015-08-05	WNV_8_Cq_AZ_08042015_2015.59206	Hepp	MARICOPA	AZ
WNV	WNV_8B72_H10_Cq_AZ_08072019_2019.600274	2019-08-08	WNV_8B72_H10_Cq_AZ_08072019_2019.600274	Hepp	MARICOPA	AZ
WNV	WNV_G1_Cq_AZ_05.17.17_2017.375342	2017-05-17	WNV_G1_Cq_AZ_05.17.17_2017.375342	Hepp	MARICOPA	AZ
WNV	WNV_0A13_A3_Cq_AZ_05.03.19_2019.340163	2019-05-05	WNV_0A13_A3_Cq_AZ_05.03.19_2019.340163	Hepp	MARICOPA	AZ
WNV	WNV_X673_G5_Ct_AZ_05.09.19_2019.35659	2019-05-11	WNV_X673_G5_Ct_AZ_05.09.19_2019.35659	Hepp	MARICOPA	AZ
WNV	WNV_C10090617_Ct_AZ_09.06.17_2017.682192	2017-09-07	WNV_C10090617_Ct_AZ_09.06.17_2017.682192	Hepp	MARICOPA	AZ
WNV	WNV_X700_B1_Cq_AZ_05.09.19_2019.35659	2019-05-11	WNV_X700_B1_Cq_AZ_05.09.19_2019.35659	Hepp	MARICOPA	AZ
WNV	WNV_17_Cq_AZ_08112015_2015.611225	2015-08-12	WNV_17_Cq_AZ_08112015_2015.611225	Hepp	MARICOPA	AZ
WNV	WNV_53_Cq_AZ_07.30.14_2014.578082	2014-07-30	WNV_53_Cq_AZ_07.30.14_2014.578082	Hepp	MARICOPA	AZ
WNV	WNV_9A10_E1_Ct_AZ_05.17.19_2019.378494	2019-05-19	WNV_9A10_E1_Ct_AZ_05.17.19_2019.378494	Hepp	MARICOPA	AZ
WNV	WNVSLE_16a_27_Ce_Az_07.31.17_2017.580822	2017-08-01	WNVSLE_16a_27_Ce_Az_07.31.17_2017.580822	Hepp	YUMA	AZ
WNV	WNVSLE_1b_1b_Ct_Az_08.14.17_2017.619178	2017-08-14	WNVSLE_1b_1b_Ct_Az_08.14.17_2017.619178	Hepp	YUMA	AZ
WNV	WNVSLE_RT_49353561_A9_Ct_07.25.18_2018.564384	2018-07-26	WNVSLE_RT_49353561_A9_Ct_07.25.18_2018.564384	Hepp	MARICOPA	AZ
WNV	WNVSLE_RT_49353562_E12_Ct_07.25.18_2018.564384	2018-07-26	WNVSLE_RT_49353562_E12_Ct_07.25.18_2018.564384	Hepp	MARICOPA	AZ
WNV	WNVSLE_652_G3_Ct_07.10.18_2018.523288	2018-07-11	WNVSLE_652_G3_Ct_07.10.18_2018.523288	Hepp	MARICOPA	AZ
WNV	WNVSLE_6D56_F2_Cq_AZ_07182019_2019.545517	2019-07-19	WNVSLE_6D56_F2_Cq_AZ_07182019_2019.545517	Hepp	MARICOPA	AZ
WNV	WNVSLE_6D31_G6_Ct_AZ_07182019_2019.545517	2019-07-19	WNVSLE_6D31_G6_Ct_AZ_07182019_2019.545517	Hepp	MARICOPA	AZ
WNV	WNVSLE_6D05_C1_Cq_AZ_07122019_2019.52909	2019-07-13	WNVSLE_6D05_C1_Cq_AZ_07122019_2019.52909	Hepp	MARICOPA	AZ
WNV	WNVSLE_3D00_B11_Ct_AZ_07032019_2019.504449	2019-07-04	WNVSLE_3D00_B11_Ct_AZ_07032019_2019.504449	Hepp	MARICOPA	AZ
WNV	WNVSLE_5D98_B5_Ct_AZ_07252019_2019.564682	2019-07-26	WNVSLE_5D98_B5_Ct_AZ_07252019_2019.564682	Hepp	MARICOPA	AZ
WNV	WNVSLE_0E12_C10_Ct_AZ_07112019_2019.526352	2019-07-12	WNVSLE_0E12_C10_Ct_AZ_07112019_2019.526352	Hepp	MARICOPA	AZ
WNV	WNVSLE_3D31_A10_Cq_AZ_07032019_2019.504449	2019-07-04	WNVSLE_3D31_A10_Cq_AZ_07032019_2019.504449	Hepp	MARICOPA	AZ
WNV	WNVSLE_0E97_H2_Ct_AZ_07032019_2019.504449	2019-07-04	WNVSLE_0E97_H2_Ct_AZ_07032019_2019.504449	Hepp	MARICOPA	AZ
WNV	WNVSLE_62_E3_Ct_06.21.18_2018.471233	2018-06-22	WNVSLE_62_E3_Ct_06.21.18_2018.471233	Hepp	MARICOPA	AZ
WNV	WNVSLE_06_B1_Ct_Az_06.21.18_2018.471233	2018-06-22	WNVSLE_06_B1_Ct_Az_06.21.18_2018.471233	Hepp	MARICOPA	AZ
WNV	WNV_3G06_Cq_AZ_20200731	2020-07-31	WNV_3G06_Cq_AZ_20200731	Hepp	MARICOPA	AZ
WNV	WNV_1M62_Ct_AZ_20200722	2020-07-22	WNV_1M62_Ct_AZ_20200722	Hepp	MARICOPA	AZ
WNV	WNV_11Q7_Cq_AZ_20200814	2020-08-14	WNV_11Q7_Cq_AZ_20200814	Hepp	MARICOPA	AZ
WNV	WNV_4T47_Ct_AZ_20200724	2020-07-24	WNV_4T47_Ct_AZ_20200724	Hepp	MARICOPA	AZ
WNV	WNV_4T54ccCt_AZ_20200724	2020-07-24	WNV_4T54ccCt_AZ_20200724	Hepp	MARICOPA	AZ
WNV	WNV_5T27_Ct_AZ_20200731	2020-07-31	WNV_5T27_Ct_AZ_20200731	Hepp	MARICOPA	AZ
WNV	WNV_41K7_Cq_AZ_20210617	2021-06-17	WNV_41K7_Cq_AZ_20210617	Hepp	MARICOPA	AZ
WNV	WNV_4C86_Cq_AZ_20210603	2021-06-03	WNV_4C86_Cq_AZ_20210603	Hepp	MARICOPA	AZ
WNV	WNV_83J9_Ct_AZ_20210615	2021-06-15	WNV_83J9_Ct_AZ_20210615	Hepp	MARICOPA	AZ
WNV	WNV_83K5_Cq_AZ_20210603	2021-06-03	WNV_83K5_Cq_AZ_20210603	Hepp	MARICOPA	AZ
WNV	WNV_85J4_Ct_AZ_20210610	2021-06-10	WNV_85J4_Ct_AZ_20210610	Hepp	MARICOPA	AZ
WNV	WNV_87J3_Cq_AZ_20210603	2021-06-03	WNV_87J3_Cq_AZ_20210603	Hepp	MARICOPA	AZ
WNV	WNV_8C67_Cq_AZ_20210615	2021-06-15	WNV_8C67_Cq_AZ_20210615	Hepp	MARICOPA	AZ
WNV	WNV_8C88_Cq_AZ_20210615	2021-06-15	WNV_8C88_Cq_AZ_20210615	Hepp	MARICOPA	AZ
WNV	WNV_97K7_Ct_AZ_20210617	2021-06-17	WNV_97K7_Ct_AZ_20210617	Hepp	MARICOPA	AZ
WNV	WNV_9C24_Cq_AZ_20210604	2021-06-04	WNV_9C24_Cq_AZ_20210604	Hepp	MARICOPA	AZ
WNV	WNV_9C34_Cq_AZ_20210604	2021-06-04	WNV_9C34_Cq_AZ_20210604	Hepp	MARICOPA	AZ
WNV	WNV_9C37_Cq_AZ_20210604	2021-06-04	WNV_9C37_Cq_AZ_20210604	Hepp	MARICOPA	AZ
WNV	WNV_9C39_Cq_AZ_20210604	2021-06-04	WNV_9C39_Cq_AZ_20210604	Hepp	MARICOPA	AZ
WNV	WNV_9C44_Cq_AZ_20210604	2021-06-04	WNV_9C44_Cq_AZ_20210604	Hepp	MARICOPA	AZ
WNV	WNV_K989_Cq_AZ_20210525	2021-05-25	WNV_K989_Cq_AZ_20210525	Hepp	MARICOPA	AZ
WNV	WNV_L381_Cq_AZ_20210604	2021-06-04	WNV_L381_Cq_AZ_20210604	Hepp	MARICOPA	AZ
WNV	WNV_10I3_Cq_AZ_20210715	2021-07-15	WNV_10I3_Cq_AZ_20210715	Hepp	MARICOPA	AZ
WNV	WNV_211395_Cq_AZ_20210811	2021-08-11	WNV_211395_Cq_AZ_20210811	Hepp	MARICOPA	AZ
WNV	WNV_211406_Cq_AZ_20210811	2021-08-11	WNV_211406_Cq_AZ_20210811	Hepp	MARICOPA	AZ
WNV	WNV_211425_Cq_AZ_20210811	2021-08-11	WNV_211425_Cq_AZ_20210811	Hepp	MARICOPA	AZ
WNV	WNV_211481_Cq_AZ_20210811	2021-08-11	WNV_211481_Cq_AZ_20210811	Hepp	MARICOPA	AZ
WNV	WNV_211749_Ct_AZ_20210805	2021-08-05	WNV_211749_Ct_AZ_20210805	Hepp	MARICOPA	AZ
WNV	WNV_212611_Cq_AZ_20210805	2021-08-05	WNV_212611_Cq_AZ_20210805	Hepp	MARICOPA	AZ
WNV	WNV_212989_Cq_AZ_20210805	2021-08-05	WNV_212989_Cq_AZ_20210805	Hepp	MARICOPA	AZ
WNV	WNV_212990_Cq_AZ_20210805	2021-08-05	WNV_212990_Cq_AZ_20210805	Hepp	MARICOPA	AZ
WNV	WNV_212991_Cq_AZ_20210805	2021-08-05	WNV_212991_Cq_AZ_20210805	Hepp	MARICOPA	AZ
WNV	WNV_213002_Cq_AZ_20210805	2021-08-05	WNV_213002_Cq_AZ_20210805	Hepp	MARICOPA	AZ
WNV	WNV_213036_Cq_AZ_20210805	2021-08-05	WNV_213036_Cq_AZ_20210805	Hepp	MARICOPA	AZ
WNV	WNV_213130_Cq_AZ_20210811	2021-08-11	WNV_213130_Cq_AZ_20210811	Hepp	MARICOPA	AZ
WNV	WNV_213138_Cq_AZ_20210811	2021-08-11	WNV_213138_Cq_AZ_20210811	Hepp	MARICOPA	AZ
WNV	WNV_213146_Cq_AZ_20210811	2021-08-11	WNV_213146_Cq_AZ_20210811	Hepp	MARICOPA	AZ
WNV	WNV_213759_Cq_AZ_20210824	2021-08-24	WNV_213759_Cq_AZ_20210824	Hepp	MARICOPA	AZ
WNV	WNV_213797_Cq_AZ_20210824	2021-08-24	WNV_213797_Cq_AZ_20210824	Hepp	MARICOPA	AZ
WNV	WNV_214105_Cq_AZ_20210901	2021-09-01	WNV_214105_Cq_AZ_20210901	Hepp	MARICOPA	AZ
WNV	WNV_214137_Ct_AZ_20210901	2021-09-01	WNV_214137_Ct_AZ_20210901	Hepp	MARICOPA	AZ
WNV	WNV_214170_Ct_AZ_20210901	2021-09-01	WNV_214170_Ct_AZ_20210901	Hepp	MARICOPA	AZ
WNV	WNV_214345_Cq_AZ_20210901	2021-09-01	WNV_214345_Cq_AZ_20210901	Hepp	MARICOPA	AZ
WNV	WNV_214380_Cq_AZ_20210903	2021-09-03	WNV_214380_Cq_AZ_20210903	Hepp	MARICOPA	AZ
WNV	WNV_214781_Cq_AZ_20210903	2021-09-03	WNV_214781_Cq_AZ_20210903	Hepp	MARICOPA	AZ
WNV	WNV_214962_Cq_AZ_20210903	2021-09-03	WNV_214962_Cq_AZ_20210903	Hepp	MARICOPA	AZ
WNV	WNV_215247_Cq_AZ_20210824	2021-08-24	WNV_215247_Cq_AZ_20210824	Hepp	MARICOPA	AZ
WNV	WNV_215273_Cq_AZ_20210824	2021-08-24	WNV_215273_Cq_AZ_20210824	Hepp	MARICOPA	AZ
WNV	WNV_215282_Cq_AZ_20210824	2021-08-24	WNV_215282_Cq_AZ_20210824	Hepp	MARICOPA	AZ
WNV	WNV_215293Cq_AZ_20210824	2021-08-24	WNV_215293Cq_AZ_20210824	Hepp	MARICOPA	AZ
WNV	WNV_215307_Cq_AZ_20210824	2021-08-24	WNV_215307_Cq_AZ_20210824	Hepp	MARICOPA	AZ
WNV	WNV_215317_Cq_AZ_20210824	2021-08-24	WNV_215317_Cq_AZ_20210824	Hepp	MARICOPA	AZ
WNV	WNV_215327_Cq_AZ_20210824	2021-08-24	WNV_215327_Cq_AZ_20210824	Hepp	MARICOPA	AZ
WNV	WNV_215336_Cq_AZ_20210824	2021-08-24	WNV_215336_Cq_AZ_20210824	Hepp	MARICOPA	AZ
WNV	WNV_215375_Cq_AZ_20210824	2021-08-24	WNV_215375_Cq_AZ_20210824	Hepp	MARICOPA	AZ
WNV	WNV_215388Cq_AZ_20210824	2021-08-24	WNV_215388Cq_AZ_20210824	Hepp	MARICOPA	AZ
WNV	WNV_215439Cq_AZ_20210824	2021-08-24	WNV_215439Cq_AZ_20210824	Hepp	MARICOPA	AZ
WNV	WNV_215900_Cq_AZ_20210824	2021-08-24	WNV_215900_Cq_AZ_20210824	Hepp	MARICOPA	AZ
WNV	WNV_215970_Cq_AZ_20210901	2021-09-01	WNV_215970_Cq_AZ_20210901	Hepp	MARICOPA	AZ
WNV	WNV_216091_Ct_AZ_20210910	2021-09-10	WNV_216091_Ct_AZ_20210910	Hepp	MARICOPA	AZ
WNV	WNV_216115_Cq_AZ_20210910	2021-09-10	WNV_216115_Cq_AZ_20210910	Hepp	MARICOPA	AZ
WNV	WNV_216186_Cq_AZ_20210910	2021-09-10	WNV_216186_Cq_AZ_20210910	Hepp	MARICOPA	AZ
WNV	WNV_216204_Ct_AZ_20210910	2021-09-10	WNV_216204_Ct_AZ_20210910	Hepp	MARICOPA	AZ
WNV	WNV_216216_Ct_AZ_20210910	2021-09-10	WNV_216216_Ct_AZ_20210910	Hepp	MARICOPA	AZ
WNV	WNV_216419_Ct_AZ_20210908	2021-09-08	WNV_216419_Ct_AZ_20210908	Hepp	MARICOPA	AZ
WNV	WNV_216422_Cq_AZ_20210908	2021-09-08	WNV_216422_Cq_AZ_20210908	Hepp	MARICOPA	AZ
WNV	WNV_216460_Ct_AZ_20210908	2021-09-08	WNV_216460_Ct_AZ_20210908	Hepp	MARICOPA	AZ
WNV	WNV_216503_Cq_AZ_20210908	2021-09-08	WNV_216503_Cq_AZ_20210908	Hepp	MARICOPA	AZ
WNV	WNV_216581_Cq_AZ_20210910	2021-09-10	WNV_216581_Cq_AZ_20210910	Hepp	MARICOPA	AZ
WNV	WNV_216616_Cq_AZ_20210914	2021-09-14	WNV_216616_Cq_AZ_20210914	Hepp	MARICOPA	AZ
WNV	WNV_216728_Cq_AZ_20210908	2021-09-08	WNV_216728_Cq_AZ_20210908	Hepp	MARICOPA	AZ
WNV	WNV_218100_Ct_AZ_20210914	2021-09-14	WNV_218100_Ct_AZ_20210914	Hepp	MARICOPA	AZ
WNV	WNV_218276_Cq_AZ_20210910	2021-09-10	WNV_218276_Cq_AZ_20210910	Hepp	MARICOPA	AZ
WNV	WNV_218280_Ct_AZ_20210914	2021-09-14	WNV_218280_Ct_AZ_20210914	Hepp	MARICOPA	AZ
WNV	WNV_21923_Cq_AZ_20210805	2021-08-05	WNV_21923_Cq_AZ_20210805	Hepp	MARICOPA	AZ
WNV	WNV_219998_Cq_AZ_20210910	2021-09-10	WNV_219998_Cq_AZ_20210910	Hepp	MARICOPA	AZ
WNV	WNV_21I2_Cq_AZ_20210713	2021-07-13	WNV_21I2_Cq_AZ_20210713	Hepp	MARICOPA	AZ
WNV	WNV_30I2_Cq_AZ_20210713	2021-07-13	WNV_30I2_Cq_AZ_20210713	Hepp	MARICOPA	AZ
WNV	WNV_30K6_Cq_AZ_20210720	2021-07-20	WNV_30K6_Cq_AZ_20210720	Hepp	MARICOPA	AZ
WNV	WNV_73H3_Cq_AZ_20210713	2021-07-13	WNV_73H3_Cq_AZ_20210713	Hepp	MARICOPA	AZ
WNV	WNV_95H2_Cq_AZ_20210715	2021-07-15	WNV_95H2_Cq_AZ_20210715	Hepp	MARICOPA	AZ
WNV	WNV_9C52_Ct_AZ_20210715	2021-07-15	WNV_9C52_Ct_AZ_20210715	Hepp	MARICOPA	AZ
